CREATE DATABASE  IF NOT EXISTS `plusminusstore` /*!40100 DEFAULT CHARACTER SET latin1 */;
USE `plusminusstore`;
-- MySQL dump 10.13  Distrib 5.6.17, for Win32 (x86)
--
-- Host: localhost    Database: plusminusstore
-- ------------------------------------------------------
-- Server version	5.6.19-log

/*!40101 SET @OLD_CHARACTER_SET_CLIENT=@@CHARACTER_SET_CLIENT */;
/*!40101 SET @OLD_CHARACTER_SET_RESULTS=@@CHARACTER_SET_RESULTS */;
/*!40101 SET @OLD_COLLATION_CONNECTION=@@COLLATION_CONNECTION */;
/*!40101 SET NAMES utf8 */;
/*!40103 SET @OLD_TIME_ZONE=@@TIME_ZONE */;
/*!40103 SET TIME_ZONE='+00:00' */;
/*!40014 SET @OLD_UNIQUE_CHECKS=@@UNIQUE_CHECKS, UNIQUE_CHECKS=0 */;
/*!40014 SET @OLD_FOREIGN_KEY_CHECKS=@@FOREIGN_KEY_CHECKS, FOREIGN_KEY_CHECKS=0 */;
/*!40101 SET @OLD_SQL_MODE=@@SQL_MODE, SQL_MODE='NO_AUTO_VALUE_ON_ZERO' */;
/*!40111 SET @OLD_SQL_NOTES=@@SQL_NOTES, SQL_NOTES=0 */;

--
-- Temporary table structure for view `activeclothesitems`
--

DROP TABLE IF EXISTS `activeclothesitems`;
/*!50001 DROP VIEW IF EXISTS `activeclothesitems`*/;
SET @saved_cs_client     = @@character_set_client;
SET character_set_client = utf8;
/*!50001 CREATE TABLE `activeclothesitems` (
  `Product` tinyint NOT NULL,
  `Price` tinyint NOT NULL,
  `Size` tinyint NOT NULL,
  `Colour` tinyint NOT NULL,
  `SKU` tinyint NOT NULL
) ENGINE=MyISAM */;
SET character_set_client = @saved_cs_client;

--
-- Table structure for table `administrator`
--

DROP TABLE IF EXISTS `administrator`;
/*!40101 SET @saved_cs_client     = @@character_set_client */;
/*!40101 SET character_set_client = utf8 */;
CREATE TABLE `administrator` (
  `userID` int(11) NOT NULL,
  `username` varchar(20) NOT NULL,
  `pword` varchar(30) NOT NULL,
  `email` varchar(50) DEFAULT NULL,
  `firstname` varchar(15) NOT NULL,
  `lastname` varchar(15) DEFAULT NULL,
  PRIMARY KEY (`userID`)
) ENGINE=InnoDB DEFAULT CHARSET=latin1;
/*!40101 SET character_set_client = @saved_cs_client */;

--
-- Dumping data for table `administrator`
--

LOCK TABLES `administrator` WRITE;
/*!40000 ALTER TABLE `administrator` DISABLE KEYS */;
INSERT INTO `administrator` VALUES (22,'lcastillol','pclJevZY','lcastillol@cdbaby.com','Louise','Castillo'),(27,'ppattersonq','LtSGpEXBM5D','pstewartq@godaddy.com','Phyllis',''),(34,'warmstrongx','udy260RE6pG','warmstrongx@mashable.com','Wayne','Armstrong'),(46,'gboyd19','28AVly23pLG','gboyd19@foxnews.com','Gloria','Boyd'),(67,'selliott1u','KCHDOeSr','selliott1u@google.co.jp','Sean','Elliott'),(90,'aburns2h','IFj9kq5Tn6cZ','aburns2h@prlog.org','Alice','Burns');
/*!40000 ALTER TABLE `administrator` ENABLE KEYS */;
UNLOCK TABLES;

--
-- Table structure for table `clothingitem`
--

DROP TABLE IF EXISTS `clothingitem`;
/*!40101 SET @saved_cs_client     = @@character_set_client */;
/*!40101 SET character_set_client = utf8 */;
CREATE TABLE `clothingitem` (
  `SKU` int(11) NOT NULL,
  `size` varchar(3) DEFAULT NULL,
  `colour` varchar(20) DEFAULT NULL,
  PRIMARY KEY (`SKU`),
  CONSTRAINT `clothingitem_ibfk_1` FOREIGN KEY (`SKU`) REFERENCES `item` (`SKU`)
) ENGINE=InnoDB DEFAULT CHARSET=latin1;
/*!40101 SET character_set_client = @saved_cs_client */;

--
-- Dumping data for table `clothingitem`
--

LOCK TABLES `clothingitem` WRITE;
/*!40000 ALTER TABLE `clothingitem` DISABLE KEYS */;
INSERT INTO `clothingitem` VALUES (1,'L','Pink'),(2,'XL','Fuscia'),(3,'S','Purple'),(4,'L','Crimson'),(5,'S','Teal'),(6,'XS','Red'),(7,'3XL','Indigo'),(8,'M','Aquamarine'),(9,'XL','Crimson'),(10,'XL','Orange'),(11,'L','Purple'),(12,'3XL','Violet'),(13,'L','Mauv'),(14,'2XL','Yellow'),(15,'XL','Teal'),(16,'L','Fuscia'),(17,'M','Yellow'),(18,'L','Khaki'),(19,'S','Fuscia'),(20,'XS','Aquamarine'),(21,'S','Aquamarine'),(22,'XL','Mauv'),(23,'2XL','Pink'),(24,'L','Pink'),(25,'L','Fuscia'),(26,'L','Turquoise'),(27,'L','Teal'),(28,'L','Crimson'),(29,'XS','Red'),(30,'XL','Yellow'),(31,'3XL','Green'),(32,'XL','Turquoise'),(33,'S','Turquoise'),(34,'XS','Khaki'),(35,'XL','Goldenrod'),(36,'XL','Purple'),(37,'2XL','Green'),(38,'2XL','Teal'),(39,'S','Teal'),(40,'L','Goldenrod'),(41,'3XL','Teal'),(42,'3XL','Mauv'),(43,'3XL','Turquoise'),(44,'2XL','Puce'),(45,'S','Yellow'),(46,'M','Indigo'),(47,'S','Maroon'),(48,'XS','Goldenrod'),(49,'XL','Turquoise'),(50,'L','Goldenrod'),(51,'M','Red'),(52,'XL','Maroon'),(53,'XS','Green'),(54,'L','Pink'),(55,'XS','Violet'),(56,'2XL','Aquamarine'),(57,'3XL','Blue'),(58,'XL','Crimson'),(59,'XS','Violet'),(60,'3XL','Crimson'),(61,'M','Fuscia'),(62,'3XL','Indigo'),(63,'2XL','Green'),(64,'XS','Yellow'),(65,'2XL','Blue'),(66,'L','Red'),(67,'M','Indigo'),(68,'3XL','Green'),(69,'S','Orange'),(70,'3XL','Puce'),(71,'3XL','Khaki'),(72,'XS','Fuscia'),(73,'XS','Maroon'),(74,'M','Pink'),(75,'3XL','Turquoise'),(76,'XS','Crimson'),(77,'3XL','Puce'),(78,'2XL','Khaki'),(79,'M','Goldenrod'),(80,'2XL','Indigo'),(81,'XL','Orange'),(82,'XL','Green'),(83,'M','Purple'),(84,'XS','Fuscia'),(85,'3XL','Indigo'),(86,'XL','Red'),(87,'S','Green'),(88,'S','Aquamarine'),(89,'XS','Crimson'),(90,'XL','Orange'),(91,'S','Fuscia'),(92,'2XL','Blue'),(93,'S','Khaki'),(94,'M','Goldenrod'),(95,'3XL','Purple'),(96,'2XL','Indigo'),(97,'XS','Purple'),(98,'S','Purple'),(99,'XL','Puce'),(100,'XS','Indigo'),(101,'XS','Violet'),(102,'M','Indigo'),(103,'L','Puce'),(104,'L','Puce'),(105,'3XL','Crimson'),(106,'M','Green'),(107,'XS','Mauv'),(108,'M','Khaki'),(109,'XS','Green'),(110,'3XL','Aquamarine'),(111,'3XL','Green'),(112,'2XL','Turquoise'),(113,'M','Fuscia'),(114,'M','Khaki'),(115,'M','Mauv'),(116,'2XL','Green'),(117,'XS','Crimson'),(118,'S','Orange'),(119,'XS','Turquoise'),(120,'L','Yellow'),(121,'L','Yellow'),(122,'M','Crimson'),(123,'S','Pink'),(124,'XS','Indigo'),(125,'M','Maroon'),(126,'S','Mauv'),(127,'XL','Orange'),(128,'M','Purple'),(129,'XS','Indigo'),(130,'S','Blue'),(131,'S','Orange'),(132,'M','Goldenrod'),(133,'XL','Blue'),(134,'L','Teal'),(135,'XL','Fuscia'),(136,'XL','Green'),(137,'XL','Violet'),(138,'XL','Purple'),(139,'M','Purple'),(140,'L','Pink'),(141,'L','Indigo'),(142,'2XL','Teal'),(143,'XL','Goldenrod'),(144,'XS','Fuscia'),(145,'XL','Aquamarine'),(146,'L','Goldenrod'),(147,'3XL','Crimson'),(148,'XL','Mauv'),(149,'L','Maroon'),(150,'L','Fuscia'),(151,'XS','Goldenrod'),(152,'3XL','Teal'),(153,'M','Red'),(154,'S','Violet'),(155,'2XL','Maroon'),(156,'M','Mauv'),(157,'3XL','Khaki'),(158,'M','Puce'),(159,'XS','Teal'),(160,'S','Crimson'),(161,'XL','Yellow'),(162,'XL','Red'),(163,'3XL','Mauv'),(164,'XL','Crimson'),(165,'XL','Indigo'),(166,'L','Crimson'),(167,'XL','Violet'),(168,'XL','Blue'),(169,'2XL','Indigo'),(170,'3XL','Crimson'),(171,'XS','Goldenrod'),(172,'L','Khaki'),(173,'3XL','Turquoise'),(174,'3XL','Pink'),(175,'3XL','Red'),(176,'2XL','Khaki'),(177,'2XL','Mauv'),(178,'M','Violet'),(179,'XL','Teal'),(180,'XL','Yellow'),(181,'XS','Khaki'),(182,'S','Teal'),(183,'S','Violet'),(184,'L','Red'),(185,'S','Blue'),(186,'XS','Pink'),(187,'3XL','Red'),(188,'3XL','Violet'),(189,'S','Aquamarine'),(190,'3XL','Crimson'),(191,'2XL','Maroon'),(192,'S','Red'),(193,'L','Goldenrod'),(194,'S','Pink'),(195,'XS','Crimson'),(196,'S','Puce'),(197,'3XL','Indigo'),(198,'XL','Puce'),(199,'2XL','Violet'),(200,'2XL','Indigo'),(201,'XL','Teal'),(202,'M','Violet'),(203,'XS','Pink'),(204,'L','Crimson'),(205,'L','Orange'),(206,'XS','Aquamarine'),(207,'2XL','Puce'),(208,'3XL','Goldenrod'),(209,'L','Crimson'),(210,'2XL','Khaki'),(211,'XS','Green'),(212,'2XL','Violet'),(213,'M','Indigo'),(214,'XS','Yellow'),(215,'L','Crimson'),(216,'L','Purple'),(217,'3XL','Green'),(218,'2XL','Crimson'),(219,'3XL','Mauv'),(220,'S','Khaki'),(221,'XS','Maroon'),(222,'XL','Goldenrod'),(223,'M','Teal'),(224,'2XL','Red'),(225,'S','Green'),(226,'XS','Indigo'),(227,'XL','Violet'),(228,'XL','Mauv'),(229,'L','Turquoise'),(230,'M','Indigo'),(231,'L','Turquoise'),(232,'XL','Blue'),(233,'M','Khaki'),(234,'XS','Khaki'),(235,'M','Teal'),(236,'L','Blue'),(237,'2XL','Indigo'),(238,'XL','Purple'),(239,'L','Puce'),(240,'2XL','Crimson'),(241,'S','Aquamarine'),(242,'2XL','Blue'),(243,'M','Turquoise'),(244,'L','Blue'),(245,'L','Maroon'),(246,'L','Green'),(247,'S','Crimson'),(248,'S','Yellow'),(249,'3XL','Fuscia'),(250,'2XL','Pink'),(251,'2XL','Mauv'),(252,'M','Aquamarine'),(253,'M','Goldenrod'),(254,'S','Violet'),(255,'2XL','Aquamarine'),(256,'3XL','Green'),(257,'M','Pink'),(258,'S','Red'),(259,'M','Aquamarine'),(260,'3XL','Khaki'),(261,'XL','Pink'),(262,'XS','Goldenrod'),(263,'XS','Aquamarine'),(264,'M','Orange'),(265,'3XL','Goldenrod'),(266,'2XL','Puce'),(267,'XS','Pink'),(268,'S','Red'),(269,'2XL','Turquoise'),(270,'XL','Puce'),(271,'S','Purple'),(272,'S','Khaki'),(273,'2XL','Puce'),(274,'3XL','Yellow'),(275,'S','Turquoise'),(276,'M','Aquamarine'),(277,'XS','Yellow'),(278,'S','Fuscia'),(279,'S','Puce'),(280,'XL','Puce'),(281,'XS','Indigo'),(282,'S','Fuscia'),(283,'L','Blue'),(284,'M','Khaki'),(285,'S','Indigo'),(286,'S','Mauv'),(287,'3XL','Goldenrod'),(288,'M','Blue'),(289,'3XL','Violet'),(290,'L','Violet'),(291,'2XL','Turquoise'),(292,'L','Crimson'),(293,'L','Green'),(294,'L','Puce'),(295,'M','Fuscia'),(296,'XS','Green'),(297,'S','Yellow'),(298,'XS','Mauv'),(299,'XL','Goldenrod'),(300,'XS','Orange'),(301,'M','Blue'),(302,'2XL','Khaki'),(303,'L','Blue'),(304,'XL','Yellow'),(305,'3XL','Teal'),(306,'XS','Red'),(307,'2XL','Fuscia'),(308,'XS','Turquoise'),(309,'M','Maroon'),(310,'S','Khaki'),(311,'S','Fuscia'),(312,'3XL','Green'),(313,'3XL','Indigo'),(314,'M','Crimson'),(315,'S','Blue'),(316,'S','Crimson'),(317,'M','Blue'),(318,'S','Pink'),(319,'2XL','Yellow'),(320,'2XL','Green'),(321,'2XL','Blue'),(322,'L','Goldenrod'),(323,'M','Blue'),(324,'L','Indigo'),(325,'XL','Khaki'),(326,'L','Purple'),(327,'M','Puce'),(328,'L','Orange'),(329,'M','Aquamarine'),(330,'XS','Green'),(331,'XS','Violet'),(332,'XL','Indigo'),(333,'3XL','Mauv'),(334,'S','Violet'),(335,'XL','Crimson'),(336,'XS','Yellow'),(337,'M','Goldenrod'),(338,'3XL','Purple'),(339,'XS','Purple'),(340,'M','Green'),(341,'3XL','Goldenrod'),(342,'L','Mauv'),(343,'L','Fuscia'),(344,'M','Crimson'),(345,'L','Indigo'),(346,'M','Yellow'),(347,'S','Blue'),(348,'XL','Puce'),(349,'XS','Aquamarine'),(350,'XL','Green'),(351,'2XL','Blue'),(352,'2XL','Red'),(353,'M','Turquoise'),(354,'XL','Crimson'),(355,'2XL','Purple'),(356,'S','Mauv'),(357,'M','Orange'),(358,'M','Aquamarine'),(359,'2XL','Purple'),(360,'2XL','Mauv'),(361,'L','Orange'),(362,'L','Fuscia'),(363,'2XL','Indigo'),(364,'3XL','Red'),(365,'M','Indigo'),(366,'2XL','Fuscia'),(367,'L','Green'),(368,'3XL','Fuscia'),(369,'XL','Yellow'),(370,'XS','Turquoise'),(371,'XS','Crimson'),(372,'L','Fuscia'),(373,'S','Orange'),(374,'2XL','Goldenrod'),(375,'M','Teal'),(376,'XS','Yellow'),(377,'S','Purple'),(378,'2XL','Red'),(379,'XL','Maroon'),(380,'XL','Mauv'),(381,'XL','Crimson'),(382,'XL','Crimson'),(383,'XS','Orange'),(384,'L','Puce'),(385,'M','Goldenrod'),(386,'2XL','Turquoise'),(387,'XS','Turquoise'),(388,'2XL','Aquamarine'),(389,'L','Crimson'),(390,'3XL','Maroon'),(391,'M','Purple'),(392,'S','Aquamarine'),(393,'XS','Aquamarine'),(394,'S','Red'),(395,'M','Crimson'),(396,'L','Mauv'),(397,'S','Pink'),(398,'XL','Goldenrod'),(399,'3XL','Mauv'),(400,'S','Violet'),(401,'L','Goldenrod'),(402,'3XL','Yellow'),(403,'L','Turquoise'),(404,'M','Violet'),(405,'L','Mauv'),(406,'XS','Orange'),(407,'L','Mauv'),(408,'3XL','Goldenrod'),(409,'XL','Khaki'),(410,'L','Green'),(411,'XS','Goldenrod'),(412,'XL','Pink'),(413,'L','Purple'),(414,'S','Teal'),(415,'2XL','Yellow'),(416,'XL','Aquamarine'),(417,'XL','Red'),(418,'L','Puce'),(419,'L','Teal'),(420,'XS','Violet'),(421,'2XL','Maroon'),(422,'M','Green'),(423,'S','Purple'),(424,'3XL','Yellow'),(425,'XS','Maroon'),(426,'2XL','Red'),(427,'M','Puce'),(428,'2XL','Yellow'),(429,'S','Mauv'),(430,'XS','Indigo'),(431,'S','Aquamarine'),(432,'L','Aquamarine'),(433,'XL','Purple'),(434,'3XL','Puce'),(435,'XL','Red'),(436,'XS','Indigo'),(437,'XL','Mauv'),(438,'L','Mauv'),(439,'XS','Pink'),(440,'2XL','Purple'),(441,'2XL','Fuscia'),(442,'M','Orange'),(443,'2XL','Violet'),(444,'L','Khaki'),(445,'S','Violet'),(446,'M','Maroon'),(447,'S','Crimson'),(448,'M','Purple'),(449,'XL','Turquoise'),(450,'S','Maroon'),(451,'2XL','Green'),(452,'3XL','Purple'),(453,'S','Goldenrod'),(454,'L','Violet'),(455,'3XL','Puce'),(456,'XS','Green'),(457,'XS','Khaki'),(458,'XS','Fuscia'),(459,'XL','Turquoise'),(460,'M','Green'),(461,'S','Yellow'),(462,'2XL','Fuscia'),(463,'3XL','Mauv'),(464,'2XL','Purple'),(465,'M','Green'),(466,'M','Maroon'),(467,'3XL','Puce'),(468,'2XL','Red'),(469,'XL','Orange'),(470,'XL','Violet'),(471,'XL','Khaki'),(472,'L','Khaki'),(473,'L','Khaki'),(474,'XS','Crimson'),(475,'3XL','Green'),(476,'S','Purple'),(477,'L','Puce'),(478,'2XL','Pink'),(479,'M','Turquoise'),(480,'3XL','Blue'),(481,'3XL','Crimson'),(482,'M','Green'),(483,'XS','Blue'),(484,'2XL','Goldenrod'),(485,'M','Indigo'),(486,'S','Purple'),(487,'XL','Maroon'),(488,'3XL','Red'),(489,'XS','Red'),(490,'S','Purple'),(491,'3XL','Goldenrod'),(492,'M','Violet'),(493,'S','Maroon'),(494,'2XL','Aquamarine'),(495,'L','Goldenrod'),(496,'S','Maroon'),(497,'XL','Goldenrod'),(498,'XS','Orange'),(499,'3XL','Fuscia'),(500,'S','Aquamarine');
/*!40000 ALTER TABLE `clothingitem` ENABLE KEYS */;
UNLOCK TABLES;

--
-- Table structure for table `item`
--

DROP TABLE IF EXISTS `item`;
/*!40101 SET @saved_cs_client     = @@character_set_client */;
/*!40101 SET character_set_client = utf8 */;
CREATE TABLE `item` (
  `SKU` int(11) NOT NULL,
  `quantityRemaining` int(11) NOT NULL,
  `quantitySold` int(11) NOT NULL,
  `lastSaleDate` date DEFAULT NULL,
  `productLineName` varchar(30) NOT NULL,
  PRIMARY KEY (`SKU`),
  KEY `productLineName` (`productLineName`),
  CONSTRAINT `item_ibfk_1` FOREIGN KEY (`productLineName`) REFERENCES `productline` (`name`)
) ENGINE=InnoDB DEFAULT CHARSET=latin1;
/*!40101 SET character_set_client = @saved_cs_client */;

--
-- Dumping data for table `item`
--

LOCK TABLES `item` WRITE;
/*!40000 ALTER TABLE `item` DISABLE KEYS */;
INSERT INTO `item` VALUES (1,31,91,'2005-03-11','3'),(2,39,39,'2012-02-29','94'),(3,13,100,'2013-12-07','17'),(4,3,83,'2007-10-26','50'),(5,20,46,'2008-12-30','36'),(6,90,83,'2004-12-09','16'),(7,67,60,'2014-10-16','8'),(8,31,67,'2012-08-06','52'),(9,48,48,'2006-06-19','55'),(10,53,98,'2010-06-23','86'),(11,48,51,'2013-06-23','28'),(12,8,92,'2005-09-01','56'),(13,24,44,'2008-10-10','57'),(14,65,79,'2007-05-08','95'),(15,24,55,'2014-02-28','38'),(16,36,33,'2013-05-22','69'),(17,3,33,'2007-10-27','25'),(18,33,49,'2006-06-19','16'),(19,35,68,'2005-07-12','20'),(20,42,44,'2007-04-17','81'),(21,6,33,'2014-09-28','83'),(22,38,57,'2010-10-22','80'),(23,77,28,'2009-06-14','16'),(24,94,67,'2009-02-09','68'),(25,74,15,'2011-11-05','38'),(26,21,73,'2012-05-04','24'),(27,16,60,'2005-08-30','95'),(28,57,21,'2006-12-27','79'),(29,73,69,'2014-09-02','65'),(30,94,43,'2007-09-09','75'),(31,40,21,'2004-06-20','34'),(32,15,3,'2005-09-06','29'),(33,55,46,'2008-06-05','60'),(34,53,4,'2011-09-30','30'),(35,69,39,'2001-06-23','25'),(36,44,92,'2004-03-08','20'),(37,50,61,'2007-07-19','37'),(38,76,47,'2013-08-25','76'),(39,1,58,'2004-09-21','37'),(40,99,72,'2000-12-11','87'),(41,1,20,'2009-05-11','85'),(42,58,0,'2006-06-02','67'),(43,93,13,'2011-04-22','69'),(44,36,0,'2011-07-16','37'),(45,79,82,'2010-07-27','2'),(46,83,40,'2014-09-07','74'),(47,98,92,'2003-02-10','37'),(48,21,33,'2004-09-10','34'),(49,92,50,'2007-07-17','4'),(50,75,78,'2007-08-09','73'),(51,98,46,'2011-07-05','8'),(52,69,56,'2004-11-08','89'),(53,100,27,'2008-06-17','69'),(54,57,38,'2012-01-17','35'),(55,55,10,'2005-05-28','69'),(56,46,69,'2012-06-11','96'),(57,28,20,'2008-07-28','79'),(58,0,23,'2013-05-10','49'),(59,31,47,'2004-12-09','93'),(60,14,33,'2007-09-25','85'),(61,98,31,'2005-11-20','61'),(62,9,75,'2001-10-20','1'),(63,19,43,'2003-08-12','11'),(64,64,74,'2005-12-15','97'),(65,65,85,'2007-11-28','18'),(66,67,36,'2009-08-03','70'),(67,57,28,'2006-04-16','27'),(68,5,16,'2003-05-22','38'),(69,72,81,'2013-05-20','93'),(70,72,75,'2003-12-08','11'),(71,59,67,'2007-05-20','94'),(72,80,85,'2010-01-23','77'),(73,32,79,'2008-01-06','19'),(74,9,75,'2007-01-17','99'),(75,15,49,'2001-09-30','97'),(76,77,28,'2003-08-31','51'),(77,48,41,'2003-12-22','1'),(78,61,92,'2011-06-05','10'),(79,92,48,'2013-09-22','52'),(80,36,21,'2013-10-06','40'),(81,42,18,'2008-12-25','33'),(82,90,87,'2004-10-10','66'),(83,91,80,'2010-09-21','45'),(84,59,57,'2006-11-09','77'),(85,82,37,'2003-05-09','80'),(86,27,54,'2009-03-13','4'),(87,49,89,'2009-06-29','95'),(88,6,31,'2009-06-07','21'),(89,69,16,'2003-08-20','94'),(90,48,59,'2004-02-12','60'),(91,99,71,'2014-08-19','45'),(92,7,63,'2003-05-08','89'),(93,99,66,'2001-03-05','14'),(94,76,6,'2009-06-17','51'),(95,24,100,'2010-03-13','96'),(96,42,59,'2004-02-19','88'),(97,0,44,'2012-07-07','17'),(98,98,83,'2001-05-18','9'),(99,30,47,'2001-04-21','95'),(100,66,60,'2007-06-10','49'),(101,33,89,'2009-05-25','78'),(102,11,88,'2007-07-22','61'),(103,21,26,'2013-02-09','4'),(104,92,15,'2010-11-19','78'),(105,57,84,'2010-07-06','75'),(106,84,33,'2012-06-18','39'),(107,26,92,'2011-09-02','4'),(108,79,0,'2013-05-20','36'),(109,57,73,'2003-12-31','89'),(110,78,20,'2005-09-17','35'),(111,80,44,'2010-09-04','41'),(112,26,21,'2005-12-05','74'),(113,22,10,'2009-01-29','48'),(114,92,33,'2002-10-05','11'),(115,7,72,'2002-09-21','59'),(116,82,44,'2005-07-06','30'),(117,88,49,'2012-06-01','1'),(118,79,71,'2005-10-14','100'),(119,45,55,'2009-01-07','28'),(120,95,85,'2002-10-31','29'),(121,19,20,'2001-10-02','47'),(122,20,35,'2011-01-08','37'),(123,30,93,'2012-05-11','70'),(124,79,92,'2006-11-14','62'),(125,83,100,'2005-11-01','37'),(126,75,42,'2003-04-27','4'),(127,32,74,'2011-08-22','27'),(128,33,11,'2005-12-03','17'),(129,68,52,'2002-01-13','94'),(130,98,24,'2007-12-26','66'),(131,67,18,'2008-12-17','14'),(132,84,84,'2009-02-05','83'),(133,54,42,'2014-10-08','95'),(134,90,7,'2013-05-06','86'),(135,95,76,'2002-04-08','49'),(136,68,48,'2011-12-23','2'),(137,14,88,'2007-02-27','59'),(138,55,0,'2001-01-09','23'),(139,62,24,'2009-01-16','60'),(140,96,46,'2010-01-08','61'),(141,71,8,'2006-11-10','28'),(142,7,29,'2014-09-03','50'),(143,36,10,'2009-02-19','63'),(144,66,77,'2003-03-18','54'),(145,12,98,'2013-11-13','77'),(146,23,100,'2014-10-26','61'),(147,6,69,'2005-11-03','49'),(148,10,6,'2009-07-14','86'),(149,32,98,'2001-12-12','9'),(150,53,97,'2014-09-11','28'),(151,36,97,'2002-07-04','52'),(152,1,17,'2003-09-22','3'),(153,68,87,'2011-09-01','77'),(154,66,7,'2011-09-14','76'),(155,31,86,'2009-11-16','70'),(156,37,69,'2006-07-17','37'),(157,70,22,'2003-02-14','36'),(158,94,53,'2007-10-27','56'),(159,28,1,'2014-06-22','69'),(160,26,12,'2001-11-22','62'),(161,38,74,'2006-02-26','91'),(162,20,45,'2002-07-26','94'),(163,84,73,'2004-07-22','26'),(164,46,46,'2011-12-08','92'),(165,77,82,'2005-08-28','54'),(166,51,63,'2005-02-03','58'),(167,92,58,'2002-10-14','3'),(168,46,87,'2009-08-11','35'),(169,2,100,'2012-09-07','90'),(170,23,85,'2012-01-22','43'),(171,12,36,'2003-01-16','82'),(172,55,0,'2006-07-01','64'),(173,35,35,'2002-03-24','95'),(174,94,5,'2010-07-05','6'),(175,52,76,'2004-08-28','86'),(176,79,63,'2014-09-02','33'),(177,76,56,'2005-05-14','54'),(178,69,54,'2002-04-07','21'),(179,21,95,'2002-11-11','87'),(180,0,46,'2001-12-25','44'),(181,7,41,'2013-04-03','76'),(182,52,30,'2006-03-12','54'),(183,89,68,'2009-12-30','98'),(184,30,14,'2011-03-20','19'),(185,80,69,'2009-11-23','63'),(186,81,67,'2012-11-09','81'),(187,51,24,'2011-10-23','55'),(188,94,4,'2011-01-05','79'),(189,97,26,'2010-08-10','17'),(190,27,3,'2006-01-28','11'),(191,67,68,'2010-02-24','21'),(192,83,67,'2006-06-01','88'),(193,58,40,'2007-05-29','36'),(194,1,39,'2005-03-13','3'),(195,50,77,'2006-04-23','15'),(196,70,34,'2008-12-31','80'),(197,91,15,'2005-12-18','57'),(198,82,22,'2012-10-02','60'),(199,87,33,'2004-08-16','2'),(200,49,90,'2003-12-12','82'),(201,81,23,'2003-09-30','96'),(202,98,81,'2004-02-26','68'),(203,18,61,'2011-09-07','12'),(204,13,66,'2009-03-17','72'),(205,72,23,'2010-06-20','46'),(206,72,65,'2009-08-03','5'),(207,62,87,'2005-12-24','6'),(208,12,25,'2000-12-28','18'),(209,3,81,'2006-02-17','68'),(210,60,0,'2003-07-19','47'),(211,18,80,'2004-07-01','25'),(212,31,78,'2013-01-31','60'),(213,2,60,'2009-06-10','95'),(214,65,65,'2002-02-23','92'),(215,41,63,'2001-09-04','86'),(216,34,4,'2006-03-22','6'),(217,31,5,'2008-09-21','53'),(218,30,82,'2012-10-06','1'),(219,23,7,'2012-02-22','99'),(220,50,47,'2014-04-05','61'),(221,28,86,'2002-07-11','40'),(222,1,2,'2000-12-06','70'),(223,98,41,'2009-10-09','99'),(224,10,97,'2001-06-03','58'),(225,14,4,'2010-07-12','9'),(226,79,38,'2007-05-08','67'),(227,14,5,'2013-11-04','84'),(228,51,87,'2012-11-29','50'),(229,28,51,'2014-04-07','18'),(230,30,2,'2009-06-30','78'),(231,9,69,'2011-12-24','74'),(232,28,50,'2005-05-17','14'),(233,37,84,'2003-08-10','78'),(234,99,11,'2004-01-24','29'),(235,30,16,'2012-09-28','17'),(236,95,43,'2013-05-25','17'),(237,22,2,'2004-05-16','56'),(238,64,16,'2005-11-04','43'),(239,62,24,'2008-05-18','66'),(240,74,55,'2004-01-25','70'),(241,16,54,'2008-05-16','72'),(242,9,44,'2004-01-27','82'),(243,20,100,'2008-07-15','57'),(244,31,34,'2013-04-08','52'),(245,27,82,'2006-12-07','2'),(246,6,95,'2014-03-05','89'),(247,45,20,'2010-06-23','58'),(248,50,25,'2004-03-21','68'),(249,77,61,'2001-07-23','82'),(250,86,57,'2012-02-04','73'),(251,17,5,'2002-06-11','43'),(252,100,25,'2014-08-16','22'),(253,26,69,'2007-09-27','50'),(254,57,71,'2002-11-18','53'),(255,78,1,'2007-02-15','47'),(256,32,17,'2008-07-26','45'),(257,9,98,'2008-10-12','51'),(258,89,73,'2007-01-25','8'),(259,7,91,'2004-04-15','14'),(260,39,47,'2008-03-18','100'),(261,58,50,'2007-11-26','68'),(262,100,25,'2010-06-22','5'),(263,86,55,'2008-01-23','33'),(264,54,88,'2004-08-15','34'),(265,99,96,'2006-11-17','55'),(266,15,55,'2010-01-23','41'),(267,17,3,'2001-04-07','3'),(268,11,68,'2003-06-12','8'),(269,50,42,'2004-01-27','11'),(270,80,28,'2014-05-17','33'),(271,55,54,'2009-06-15','75'),(272,63,52,'2004-01-24','50'),(273,35,26,'2010-07-24','7'),(274,70,50,'2004-09-08','4'),(275,93,57,'2013-11-28','78'),(276,12,57,'2013-02-05','5'),(277,30,76,'2011-07-04','99'),(278,74,12,'2007-03-06','31'),(279,82,8,'2012-07-23','51'),(280,55,58,'2005-03-16','99'),(281,72,48,'2004-05-29','77'),(282,97,23,'2001-12-31','34'),(283,98,45,'2012-07-30','16'),(284,83,76,'2007-11-08','47'),(285,46,27,'2014-05-26','39'),(286,15,86,'2009-05-31','89'),(287,55,84,'2013-07-13','97'),(288,85,31,'2004-04-19','17'),(289,76,9,'2002-08-19','84'),(290,81,92,'2011-07-09','41'),(291,38,7,'2013-09-08','38'),(292,11,91,'2009-05-14','57'),(293,52,23,'2005-06-12','87'),(294,74,58,'2010-05-30','14'),(295,81,26,'2008-09-04','10'),(296,87,44,'2012-06-24','3'),(297,5,44,'2006-04-09','38'),(298,4,55,'2009-01-20','83'),(299,50,60,'2004-07-03','87'),(300,75,71,'2005-03-12','76'),(301,90,45,'2001-01-02','89'),(302,97,54,'2007-12-06','50'),(303,32,59,'2009-03-01','7'),(304,75,67,'2009-08-05','6'),(305,54,26,'2001-10-19','98'),(306,30,29,'2008-10-26','72'),(307,3,99,'2007-07-22','76'),(308,54,65,'2004-10-09','37'),(309,63,28,'2011-02-17','86'),(310,92,66,'2002-03-29','63'),(311,90,20,'2008-06-03','97'),(312,31,11,'2013-06-08','55'),(313,9,94,'2012-08-17','44'),(314,5,81,'2010-04-27','70'),(315,25,32,'2013-10-23','3'),(316,39,48,'2002-04-11','6'),(317,66,24,'2012-12-28','32'),(318,16,32,'2001-10-03','99'),(319,88,11,'2001-05-01','31'),(320,37,9,'2003-06-07','32'),(321,32,16,'2009-11-15','35'),(322,57,81,'2008-10-27','32'),(323,53,27,'2007-07-02','37'),(324,73,69,'2012-09-12','82'),(325,90,19,'2011-12-22','22'),(326,43,99,'2014-03-03','74'),(327,62,15,'2007-07-19','2'),(328,53,45,'2010-07-23','77'),(329,89,58,'2002-08-27','88'),(330,92,68,'2003-11-27','92'),(331,70,77,'2007-09-01','77'),(332,34,24,'2003-09-17','63'),(333,49,45,'2014-05-07','73'),(334,91,79,'2014-03-12','73'),(335,47,87,'2009-11-30','90'),(336,15,65,'2010-08-15','37'),(337,60,74,'2007-12-28','100'),(338,99,9,'2007-08-26','74'),(339,82,38,'2001-11-29','90'),(340,87,85,'2002-09-17','85'),(341,49,2,'2005-11-13','44'),(342,60,30,'2004-10-02','70'),(343,60,30,'2009-11-08','89'),(344,80,59,'2010-07-26','29'),(345,41,46,'2014-06-27','76'),(346,62,65,'2005-08-25','4'),(347,88,6,'2010-04-13','17'),(348,25,78,'2010-08-30','29'),(349,96,44,'2006-07-16','77'),(350,69,21,'2014-01-20','18'),(351,59,75,'2009-01-09','54'),(352,35,73,'2002-04-21','94'),(353,90,86,'2008-09-14','74'),(354,99,98,'2009-06-13','98'),(355,59,26,'2009-09-01','44'),(356,93,91,'2009-01-22','96'),(357,62,25,'2007-10-23','16'),(358,16,82,'2002-01-05','25'),(359,23,3,'2011-03-31','37'),(360,16,8,'2001-02-28','89'),(361,64,0,'2009-03-20','10'),(362,13,20,'2010-02-23','14'),(363,33,18,'2012-09-10','50'),(364,28,96,'2002-02-12','44'),(365,23,42,'2009-01-09','3'),(366,99,84,'2002-12-31','22'),(367,23,60,'2009-11-24','63'),(368,77,65,'2011-08-12','91'),(369,19,36,'2003-02-27','64'),(370,18,85,'2003-06-30','43'),(371,58,59,'2006-08-01','32'),(372,86,31,'2002-10-06','5'),(373,0,14,'2013-09-23','72'),(374,70,26,'2014-04-02','48'),(375,28,4,'2002-10-13','7'),(376,34,47,'2006-05-28','1'),(377,28,10,'2012-07-22','24'),(378,74,0,'2007-04-14','34'),(379,18,23,'2002-03-05','31'),(380,25,23,'2009-04-15','1'),(381,44,78,'2014-06-05','1'),(382,78,43,'2011-02-26','22'),(383,98,98,'2010-06-11','40'),(384,15,5,'2002-06-15','7'),(385,81,82,'2006-02-26','61'),(386,78,61,'2004-08-16','67'),(387,2,68,'2004-09-13','89'),(388,86,79,'2008-04-14','76'),(389,53,75,'2005-07-05','29'),(390,36,82,'2014-07-19','41'),(391,26,57,'2007-02-21','53'),(392,66,18,'2008-10-17','62'),(393,86,89,'2001-01-20','80'),(394,74,9,'2008-02-06','85'),(395,83,99,'2005-11-06','20'),(396,44,53,'2003-08-07','62'),(397,84,23,'2006-03-03','31'),(398,48,85,'2005-03-08','60'),(399,88,39,'2004-03-21','88'),(400,35,36,'2001-03-17','13'),(401,71,9,'2001-08-16','3'),(402,76,14,'2012-06-23','92'),(403,3,52,'2008-11-02','52'),(404,19,96,'2002-01-02','100'),(405,94,13,'2008-04-09','28'),(406,42,66,'2004-05-22','62'),(407,51,42,'2011-06-30','70'),(408,7,100,'2003-08-02','98'),(409,58,71,'2008-10-10','40'),(410,23,64,'2005-10-25','33'),(411,45,49,'2009-12-01','41'),(412,21,32,'2003-02-10','6'),(413,66,3,'2010-01-30','49'),(414,70,24,'2014-02-08','63'),(415,16,69,'2003-01-09','65'),(416,8,48,'2011-11-07','77'),(417,92,89,'2004-11-12','1'),(418,11,88,'2006-10-19','43'),(419,84,24,'2009-10-04','20'),(420,42,74,'2010-01-12','24'),(421,2,12,'2012-05-24','59'),(422,38,76,'2013-03-23','14'),(423,75,57,'2007-05-09','62'),(424,80,71,'2014-08-05','51'),(425,40,77,'2000-12-07','48'),(426,10,84,'2010-06-08','88'),(427,30,70,'2010-07-02','73'),(428,0,98,'2006-06-21','3'),(429,13,33,'2008-06-24','61'),(430,7,33,'2004-09-18','13'),(431,76,87,'2010-08-19','73'),(432,83,47,'2002-09-23','52'),(433,36,88,'2011-08-31','24'),(434,87,74,'2005-03-27','68'),(435,42,94,'2010-09-06','50'),(436,81,48,'2003-08-14','35'),(437,96,49,'2005-08-24','18'),(438,78,54,'2009-02-19','32'),(439,5,27,'2005-02-25','39'),(440,99,39,'2007-11-21','56'),(441,21,6,'2002-09-06','62'),(442,48,42,'2004-08-05','54'),(443,98,0,'2012-10-12','13'),(444,66,88,'2008-08-16','27'),(445,69,24,'2006-09-28','10'),(446,51,0,'2002-12-14','88'),(447,4,99,'2010-11-02','22'),(448,43,76,'2004-02-14','6'),(449,31,95,'2012-05-11','31'),(450,46,68,'2011-03-09','41'),(451,1,50,'2011-08-16','6'),(452,8,64,'2006-08-13','79'),(453,66,87,'2013-03-30','8'),(454,75,93,'2003-06-10','2'),(455,10,19,'2011-10-12','40'),(456,64,69,'2003-04-19','63'),(457,8,78,'2006-12-29','58'),(458,63,3,'2010-06-09','8'),(459,53,22,'2001-08-08','98'),(460,0,1,'2006-12-15','83'),(461,28,54,'2002-07-20','46'),(462,58,47,'2010-09-26','56'),(463,86,36,'2002-02-13','83'),(464,24,39,'2003-11-06','42'),(465,66,17,'2013-07-31','54'),(466,8,19,'2008-02-16','52'),(467,80,15,'2008-03-25','22'),(468,9,87,'2010-11-15','73'),(469,59,82,'2009-07-22','56'),(470,72,98,'2011-02-26','31'),(471,35,62,'2012-04-16','79'),(472,88,1,'2011-02-24','20'),(473,100,84,'2012-04-20','29'),(474,42,22,'2006-01-23','64'),(475,93,16,'2009-06-27','99'),(476,74,16,'2009-07-02','61'),(477,99,62,'2005-09-15','81'),(478,41,15,'2003-04-13','87'),(479,83,86,'2001-01-20','88'),(480,77,0,'2009-05-21','93'),(481,34,35,'2011-11-08','90'),(482,76,46,'2003-11-11','26'),(483,78,98,'2008-07-23','72'),(484,45,70,'2010-07-30','47'),(485,33,19,'2007-12-30','17'),(486,4,35,'2011-09-02','48'),(487,51,80,'2006-10-31','30'),(488,66,21,'2007-04-01','20'),(489,87,31,'2012-09-21','87'),(490,50,40,'2002-09-02','1'),(491,11,38,'2001-02-11','91'),(492,9,56,'2004-01-10','25'),(493,88,28,'2006-08-26','68'),(494,98,74,'2014-05-07','8'),(495,68,74,'2007-12-17','40'),(496,10,39,'2012-10-15','43'),(497,89,87,'2008-01-28','76'),(498,58,34,'2006-01-25','49'),(499,47,78,'2003-08-14','41'),(500,32,35,'2011-06-17','55'),(501,22,54,'2000-12-30','85'),(502,15,19,'2013-01-31','23'),(503,59,84,'2005-05-03','37'),(504,14,52,'2002-10-30','75'),(505,19,54,'2007-04-01','92'),(506,20,60,'2009-07-30','61'),(507,7,11,'2006-09-19','9'),(508,78,77,'2007-05-16','40'),(509,98,73,'2010-02-01','34'),(510,92,15,'2011-11-26','58'),(511,51,46,'2014-02-17','6'),(512,20,28,'2011-12-11','11'),(513,94,65,'2004-11-11','1'),(514,32,73,'2006-07-03','13'),(515,82,50,'2013-06-14','27'),(516,15,16,'2002-10-09','36'),(517,4,45,'2004-10-10','35'),(518,59,79,'2010-10-03','13'),(519,1,29,'2006-10-16','85'),(520,70,43,'2007-02-07','37'),(521,19,35,'2005-12-19','46'),(522,95,91,'2014-08-02','65'),(523,51,89,'2003-10-25','6'),(524,33,36,'2001-10-24','19'),(525,6,25,'2003-10-28','7'),(526,15,35,'2012-12-23','59'),(527,4,18,'2010-12-19','34'),(528,11,15,'2001-09-25','43'),(529,37,57,'2005-11-07','3'),(530,9,71,'2001-09-20','34'),(531,98,10,'2010-10-26','78'),(532,69,85,'2008-07-09','8'),(533,3,53,'2006-11-28','70'),(534,66,5,'2013-01-01','32'),(535,88,10,'2005-03-26','9'),(536,42,63,'2013-01-27','21'),(537,67,71,'2007-07-16','36'),(538,29,61,'2007-06-09','8'),(539,63,85,'2008-05-23','51'),(540,26,69,'2008-05-03','72'),(541,35,7,'2009-03-18','19'),(542,31,34,'2005-05-18','23'),(543,72,25,'2013-03-23','7'),(544,63,42,'2002-03-31','77'),(545,25,22,'2002-12-03','69'),(546,96,35,'2003-08-07','33'),(547,67,41,'2009-02-28','91'),(548,46,68,'2004-02-06','3'),(549,81,91,'2001-12-04','45'),(550,50,76,'2011-04-11','86'),(551,30,63,'2010-08-25','44'),(552,38,96,'2008-09-28','53'),(553,94,12,'2009-07-18','61'),(554,29,69,'2010-04-19','22'),(555,47,50,'2003-02-23','48'),(556,22,89,'2013-03-13','60'),(557,35,18,'2006-11-20','44'),(558,27,91,'2014-10-08','76'),(559,18,27,'2012-10-24','38'),(560,68,29,'2011-10-20','81'),(561,62,14,'2010-05-17','12'),(562,45,12,'2011-02-28','31'),(563,89,86,'2010-07-06','37'),(564,92,33,'2007-07-20','59'),(565,20,9,'2004-08-07','53'),(566,9,60,'2010-12-16','13'),(567,78,61,'2012-06-20','83'),(568,50,100,'2004-06-13','78'),(569,52,50,'2007-02-19','40'),(570,98,59,'2001-04-07','33'),(571,72,56,'2006-08-04','24'),(572,62,83,'2005-08-25','21'),(573,38,34,'2011-05-19','96'),(574,36,19,'2003-02-21','23'),(575,79,7,'2009-06-29','53'),(576,86,7,'2014-09-29','53'),(577,17,13,'2003-05-27','92'),(578,63,14,'2011-08-20','85'),(579,81,22,'2013-05-29','7'),(580,37,78,'2009-10-31','46'),(581,38,71,'2009-03-01','31'),(582,69,23,'2012-01-01','20'),(583,44,60,'2001-09-20','93'),(584,89,27,'2009-09-19','45'),(585,0,88,'2010-07-19','92'),(586,31,93,'2008-09-15','52'),(587,30,95,'2014-05-30','94'),(588,19,88,'2014-09-11','15'),(589,5,97,'2012-05-15','52'),(590,15,34,'2003-03-24','25'),(591,17,15,'2005-09-22','39'),(592,43,29,'2001-12-22','47'),(593,19,70,'2002-12-13','58'),(594,65,23,'2010-10-11','2'),(595,78,71,'2004-07-20','17'),(596,57,24,'2008-06-14','90'),(597,43,24,'2002-03-07','52'),(598,66,37,'2010-05-03','77'),(599,71,32,'2012-05-03','26'),(600,68,83,'2002-08-06','99'),(601,10,4,'2013-11-02','14'),(602,40,74,'2014-02-06','75'),(603,54,75,'2002-01-18','99'),(604,92,57,'2010-11-29','42'),(605,26,94,'2003-08-14','72'),(606,4,95,'2011-03-04','51'),(607,39,78,'2007-02-03','4'),(608,12,1,'2005-10-18','58'),(609,37,89,'2012-07-23','40'),(610,30,73,'2013-08-01','64'),(611,38,60,'2001-02-04','16'),(612,76,32,'2014-06-21','7'),(613,92,46,'2011-05-21','86'),(614,76,1,'2003-05-03','6'),(615,64,15,'2005-02-19','14'),(616,18,44,'2007-02-20','12'),(617,66,8,'2014-04-11','95'),(618,10,16,'2012-01-09','32'),(619,78,28,'2014-09-06','4'),(620,64,42,'2001-09-03','45'),(621,73,52,'2003-09-03','90'),(622,28,10,'2014-06-16','81'),(623,96,3,'2007-03-06','46'),(624,32,92,'2007-07-22','23'),(625,24,86,'2009-03-28','30'),(626,50,52,'2014-07-01','17'),(627,24,92,'2012-08-07','60'),(628,12,25,'2013-01-06','11'),(629,44,47,'2004-09-22','6'),(630,3,4,'2005-05-06','40'),(631,65,71,'2014-11-04','32'),(632,39,71,'2005-08-02','90'),(633,43,63,'2014-06-01','62'),(634,13,38,'2001-12-09','20'),(635,60,99,'2005-11-03','50'),(636,48,17,'2000-11-20','75'),(637,54,79,'2011-04-15','39'),(638,80,66,'2002-09-16','93'),(639,25,84,'2005-01-12','26'),(640,90,75,'2001-05-10','66'),(641,36,74,'2006-11-26','82'),(642,78,34,'2011-10-30','17'),(643,47,2,'2001-10-21','8'),(644,58,69,'2002-12-20','13'),(645,42,0,'2002-06-08','10'),(646,20,48,'2008-12-13','50'),(647,51,62,'2010-03-15','42'),(648,67,49,'2009-10-07','6'),(649,13,45,'2003-10-22','94'),(650,62,21,'2013-01-29','94'),(651,60,4,'2002-09-09','66'),(652,91,34,'2010-02-17','12'),(653,35,67,'2002-05-19','86'),(654,73,25,'2001-08-02','40'),(655,21,46,'2007-08-01','26'),(656,71,37,'2013-09-25','16'),(657,26,27,'2001-04-06','72'),(658,30,89,'2008-09-05','90'),(659,4,99,'2007-07-27','96'),(660,70,72,'2002-12-14','64'),(661,2,90,'2003-11-09','4'),(662,75,78,'2011-07-19','5'),(663,34,26,'2014-09-08','58'),(664,42,13,'2002-10-10','66'),(665,31,61,'2012-08-29','80'),(666,70,58,'2002-03-24','87'),(667,52,27,'2005-08-05','80'),(668,45,46,'2012-05-31','33'),(669,81,92,'2002-09-26','73'),(670,49,16,'2005-06-18','15'),(671,3,8,'2008-01-06','14'),(672,11,7,'2010-05-01','93'),(673,36,36,'2008-08-29','70'),(674,97,52,'2013-01-11','21'),(675,48,82,'2011-12-16','12'),(676,25,26,'2014-10-17','44'),(677,10,56,'2007-12-30','48'),(678,8,10,'2013-06-25','94'),(679,5,43,'2003-05-18','41'),(680,3,23,'2014-04-16','70'),(681,26,79,'2007-02-23','54'),(682,91,96,'2007-01-09','83'),(683,4,84,'2007-09-20','89'),(684,46,20,'2012-08-23','90'),(685,48,64,'2013-07-03','82'),(686,82,40,'2003-07-30','12'),(687,1,95,'2009-04-30','71'),(688,54,45,'2012-03-25','68'),(689,5,18,'2011-01-20','31'),(690,14,94,'2007-06-12','63'),(691,19,5,'2013-04-30','19'),(692,84,36,'2012-11-12','86'),(693,54,97,'2000-12-24','76'),(694,79,59,'2013-06-15','30'),(695,68,7,'2008-02-05','60'),(696,22,57,'2000-12-25','31'),(697,77,37,'2006-01-05','39'),(698,4,56,'2001-04-17','38'),(699,16,15,'2005-10-21','16'),(700,78,7,'2009-09-22','35'),(701,77,79,'2008-12-27','76'),(702,52,41,'2002-08-12','9'),(703,66,14,'2009-11-10','63'),(704,0,62,'2011-05-03','47'),(705,31,87,'2003-09-07','56'),(706,7,77,'2009-04-22','60'),(707,44,41,'2008-10-19','69'),(708,97,50,'2011-06-09','45'),(709,18,57,'2003-11-01','58'),(710,86,81,'2004-10-31','83'),(711,46,74,'2004-10-24','24'),(712,15,91,'2005-10-29','72'),(713,26,24,'2002-09-03','39'),(714,51,73,'2002-10-19','3'),(715,31,28,'2014-08-07','73'),(716,76,40,'2004-01-30','54'),(717,98,10,'2005-02-01','71'),(718,40,85,'2001-06-04','80'),(719,52,87,'2006-03-26','93'),(720,57,27,'2009-09-08','60'),(721,78,59,'2012-02-26','97'),(722,98,96,'2007-07-10','32'),(723,2,0,'2007-07-14','78'),(724,49,97,'2006-06-12','29'),(725,0,90,'2011-09-01','71'),(726,3,41,'2014-08-17','47'),(727,6,55,'2002-02-28','85'),(728,58,52,'2005-12-07','99'),(729,20,90,'2013-11-30','32'),(730,29,40,'2014-05-13','41'),(731,21,75,'2011-01-07','29'),(732,44,77,'2003-03-19','24'),(733,70,1,'2010-04-01','30'),(734,7,79,'2007-03-08','79'),(735,48,76,'2013-02-04','75'),(736,29,19,'2013-06-19','65'),(737,40,22,'2001-10-09','54'),(738,86,51,'2010-03-02','16'),(739,22,90,'2004-03-17','19'),(740,22,18,'2006-08-09','50'),(741,5,58,'2009-10-14','5'),(742,81,4,'2008-03-09','65'),(743,100,55,'2002-07-18','28'),(744,4,54,'2002-03-12','35'),(745,49,8,'2010-09-20','85'),(746,55,19,'2006-11-24','28'),(747,29,93,'2002-07-18','80'),(748,39,80,'2007-04-21','94'),(749,23,5,'2005-07-26','81'),(750,43,33,'2009-04-27','20'),(751,67,99,'2010-03-01','27'),(752,90,52,'2002-07-21','26'),(753,99,100,'2011-02-26','27'),(754,95,82,'2013-02-22','90'),(755,34,14,'2011-08-05','34'),(756,55,18,'2010-01-22','98'),(757,43,98,'2008-06-22','93'),(758,69,44,'2001-12-30','49'),(759,82,3,'2014-07-05','41'),(760,72,38,'2013-11-20','10'),(761,97,99,'2003-11-13','49'),(762,13,23,'2010-11-11','58'),(763,77,70,'2007-12-23','12'),(764,51,24,'2002-03-29','93'),(765,55,11,'2000-11-27','32'),(766,20,64,'2009-09-05','23'),(767,34,61,'2013-05-23','14'),(768,52,99,'2007-08-04','2'),(769,80,11,'2008-04-30','10'),(770,13,22,'2011-11-17','25'),(771,59,34,'2002-01-24','44'),(772,83,94,'2014-06-09','53'),(773,67,55,'2010-02-17','62'),(774,30,88,'2006-06-11','94'),(775,38,33,'2003-12-10','94'),(776,30,31,'2003-02-11','42'),(777,43,69,'2006-11-24','96'),(778,24,64,'2014-07-13','1'),(779,57,61,'2009-06-05','82'),(780,20,88,'2001-02-05','95'),(781,98,18,'2006-03-16','63'),(782,86,72,'2008-03-23','76'),(783,44,75,'2006-01-16','96'),(784,18,14,'2005-08-10','24'),(785,41,64,'2013-11-10','81'),(786,35,26,'2005-08-15','13'),(787,95,1,'2014-01-16','5'),(788,83,73,'2006-04-17','52'),(789,34,34,'2007-02-10','28'),(790,78,72,'2005-03-07','34'),(791,38,55,'2005-07-03','18'),(792,71,10,'2012-04-17','31'),(793,25,36,'2003-07-03','75'),(794,89,74,'2010-12-03','49'),(795,18,0,'2012-07-18','6'),(796,83,91,'2008-07-16','58'),(797,40,58,'2013-03-31','1'),(798,20,12,'2011-06-26','87'),(799,58,91,'2010-06-24','50'),(800,75,73,'2011-08-01','75'),(801,57,11,'2003-07-04','51'),(802,23,80,'2003-02-27','51'),(803,42,86,'2003-03-08','10'),(804,35,69,'2002-07-20','18'),(805,53,47,'2004-08-21','48'),(806,78,18,'2014-09-15','34'),(807,73,94,'2012-08-04','79'),(808,2,15,'2001-04-14','22'),(809,20,85,'2006-02-22','76'),(810,76,78,'2012-12-04','83'),(811,61,43,'2003-02-25','94'),(812,51,39,'2003-10-02','70'),(813,98,73,'2010-05-22','26'),(814,80,47,'2013-03-09','69'),(815,47,0,'2010-10-25','63'),(816,10,91,'2006-10-31','58'),(817,81,41,'2003-04-10','84'),(818,38,48,'2014-11-08','10'),(819,99,26,'2014-10-22','3'),(820,68,20,'2012-06-05','30'),(821,21,72,'2013-06-05','97'),(822,48,44,'2006-11-19','14'),(823,11,87,'2013-07-08','40'),(824,34,24,'2014-07-10','5'),(825,44,4,'2013-03-27','100'),(826,18,32,'2003-11-15','98'),(827,44,99,'2006-08-02','33'),(828,93,21,'2006-09-15','12'),(829,52,34,'2008-01-25','53'),(830,64,30,'2004-11-28','2'),(831,28,13,'2005-05-04','33'),(832,83,94,'2001-09-22','43'),(833,60,87,'2004-01-02','35'),(834,91,24,'2010-01-27','21'),(835,12,52,'2014-10-10','19'),(836,30,47,'2002-01-22','73'),(837,79,30,'2001-02-22','86'),(838,55,6,'2010-11-17','76'),(839,61,12,'2010-09-19','65'),(840,9,5,'2005-04-06','92'),(841,50,14,'2007-03-29','29'),(842,71,75,'2003-11-22','82'),(843,31,55,'2001-06-24','36'),(844,77,80,'2002-07-13','89'),(845,47,73,'2011-05-18','79'),(846,100,35,'2011-08-03','68'),(847,26,84,'2012-10-28','12'),(848,71,56,'2002-01-13','86'),(849,70,75,'2010-12-06','11'),(850,8,10,'2010-09-04','50'),(851,58,87,'2014-05-01','55'),(852,16,87,'2004-03-07','92'),(853,99,74,'2005-05-23','93'),(854,35,50,'2012-05-13','67'),(855,27,46,'2007-12-04','26'),(856,49,17,'2013-04-01','16'),(857,7,25,'2009-07-17','6'),(858,60,44,'2009-01-31','31'),(859,71,35,'2013-01-06','8'),(860,50,90,'2011-05-24','63'),(861,41,18,'2009-10-18','6'),(862,76,1,'2009-08-29','99'),(863,78,22,'2003-06-23','60'),(864,97,2,'2001-06-22','97'),(865,87,24,'2003-12-12','3'),(866,63,81,'2013-01-16','96'),(867,32,82,'2002-04-07','33'),(868,66,19,'2009-05-22','75'),(869,47,30,'2011-07-31','89'),(870,67,90,'2007-12-11','63'),(871,80,58,'2005-05-01','5'),(872,50,55,'2003-05-24','37'),(873,25,31,'2009-03-26','80'),(874,18,55,'2003-04-02','83'),(875,45,12,'2006-02-07','70'),(876,59,41,'2009-01-02','93'),(877,79,71,'2011-11-06','72'),(878,33,73,'2007-12-19','21'),(879,27,82,'2013-06-11','44'),(880,84,23,'2014-04-18','7'),(881,55,32,'2001-09-09','58'),(882,62,24,'2014-01-29','63'),(883,84,9,'2001-09-23','4'),(884,79,57,'2005-08-09','89'),(885,46,65,'2013-12-15','20'),(886,68,82,'2009-02-10','33'),(887,10,10,'2005-03-16','16'),(888,10,19,'2007-03-05','82'),(889,13,47,'2004-01-20','29'),(890,86,32,'2009-01-01','71'),(891,35,38,'2007-08-03','67'),(892,61,38,'2006-06-10','13'),(893,57,98,'2002-02-12','55'),(894,1,34,'2003-05-08','32'),(895,77,42,'2011-05-21','83'),(896,56,74,'2010-03-14','60'),(897,90,35,'2003-12-16','96'),(898,7,1,'2003-08-29','88'),(899,18,9,'2006-08-06','13'),(900,40,81,'2002-04-14','76'),(901,89,63,'2008-01-08','57'),(902,72,100,'2001-11-30','32'),(903,67,17,'2014-05-31','67'),(904,41,80,'2007-08-31','33'),(905,48,23,'2001-08-28','99'),(906,50,38,'2008-11-08','24'),(907,1,42,'2014-02-04','88'),(908,90,16,'2005-05-19','14'),(909,64,17,'2011-04-05','45'),(910,65,0,'2012-02-03','80'),(911,31,64,'2010-07-17','66'),(912,65,21,'2010-01-25','47'),(913,89,44,'2001-05-13','21'),(914,31,73,'2001-04-01','61'),(915,67,45,'2007-03-28','11'),(916,98,58,'2005-09-08','71'),(917,85,41,'2011-10-21','14'),(918,44,96,'2012-08-09','33'),(919,53,27,'2004-06-17','99'),(920,16,95,'2010-08-29','57'),(921,68,61,'2013-03-01','68'),(922,42,85,'2007-02-13','77'),(923,32,55,'2001-05-27','32'),(924,1,5,'2011-05-05','20'),(925,75,92,'2009-03-24','2'),(926,25,50,'2008-05-22','8'),(927,52,42,'2002-06-03','89'),(928,79,21,'2001-10-15','46'),(929,36,98,'2001-03-24','19'),(930,41,74,'2010-04-13','84'),(931,34,59,'2007-06-24','77'),(932,11,30,'2012-12-09','58'),(933,15,55,'2003-07-27','67'),(934,22,80,'2005-11-13','35'),(935,22,78,'2004-08-21','98'),(936,92,56,'2008-03-11','8'),(937,20,88,'2009-12-25','64'),(938,98,9,'2013-03-30','86'),(939,81,24,'2003-05-25','79'),(940,6,11,'2007-08-01','71'),(941,7,38,'2007-05-27','18'),(942,32,60,'2013-08-16','50'),(943,1,46,'2006-01-11','31'),(944,51,90,'2009-10-05','69'),(945,72,100,'2012-06-13','100'),(946,43,98,'2011-07-19','48'),(947,75,41,'2006-05-23','44'),(948,7,80,'2001-01-14','2'),(949,29,21,'2008-04-20','85'),(950,65,4,'2009-11-08','83'),(951,95,13,'2006-10-05','57'),(952,49,64,'2005-02-07','53'),(953,56,63,'2014-10-19','30'),(954,89,98,'2003-04-10','24'),(955,9,22,'2006-07-13','40'),(956,45,55,'2007-02-06','92'),(957,44,19,'2004-02-03','80'),(958,51,61,'2012-03-23','22'),(959,40,2,'2008-01-23','76'),(960,76,72,'2005-01-28','68'),(961,17,22,'2011-07-17','71'),(962,96,64,'2002-12-12','12'),(963,34,94,'2004-05-20','64'),(964,12,59,'2007-05-02','78'),(965,92,18,'2012-01-24','78'),(966,7,6,'2010-08-09','21'),(967,88,6,'2013-03-18','14'),(968,6,95,'2004-05-02','16'),(969,75,45,'2009-09-18','91'),(970,59,38,'2011-04-11','10'),(971,48,75,'2010-08-16','4'),(972,1,58,'2009-10-22','20'),(973,27,46,'2004-03-15','21'),(974,4,69,'2002-01-23','31'),(975,97,19,'2007-10-15','24'),(976,40,56,'2008-07-07','49'),(977,36,11,'2002-06-05','58'),(978,75,72,'2003-11-20','14'),(979,76,94,'2005-06-02','25'),(980,87,73,'2008-12-23','40'),(981,89,88,'2007-12-28','55'),(982,58,33,'2003-11-05','10'),(983,27,83,'2012-09-15','34'),(984,21,35,'2002-01-25','51'),(985,12,90,'2004-10-04','79'),(986,48,37,'2003-06-10','57'),(987,79,38,'2009-07-14','58'),(988,44,73,'2009-05-05','46'),(989,92,52,'2003-06-02','95'),(990,84,60,'2004-11-30','32'),(991,46,42,'2012-06-03','58'),(992,50,53,'2013-08-19','86'),(993,11,32,'2013-09-07','51'),(994,30,19,'2002-10-25','57'),(995,16,15,'2013-12-27','26'),(996,62,80,'2007-09-11','21'),(997,7,5,'2000-12-27','31'),(998,88,7,'2002-12-10','79'),(999,24,70,'2003-03-27','37'),(1000,21,44,'2012-03-14','32'),(1234,10,6,'2014-11-11','8');
/*!40000 ALTER TABLE `item` ENABLE KEYS */;
UNLOCK TABLES;

--
-- Table structure for table `itemtransaction`
--

DROP TABLE IF EXISTS `itemtransaction`;
/*!40101 SET @saved_cs_client     = @@character_set_client */;
/*!40101 SET character_set_client = utf8 */;
CREATE TABLE `itemtransaction` (
  `transactionID` int(11) NOT NULL,
  `SKU` int(11) NOT NULL,
  `quantity` int(11) NOT NULL,
  PRIMARY KEY (`transactionID`,`SKU`),
  KEY `SKU` (`SKU`),
  CONSTRAINT `itemtransaction_ibfk_1` FOREIGN KEY (`transactionID`) REFERENCES `transaction` (`transactionID`),
  CONSTRAINT `itemtransaction_ibfk_2` FOREIGN KEY (`SKU`) REFERENCES `item` (`SKU`)
) ENGINE=InnoDB DEFAULT CHARSET=latin1;
/*!40101 SET character_set_client = @saved_cs_client */;

--
-- Dumping data for table `itemtransaction`
--

LOCK TABLES `itemtransaction` WRITE;
/*!40000 ALTER TABLE `itemtransaction` DISABLE KEYS */;
/*!40000 ALTER TABLE `itemtransaction` ENABLE KEYS */;
UNLOCK TABLES;

--
-- Table structure for table `nonclothingitem`
--

DROP TABLE IF EXISTS `nonclothingitem`;
/*!40101 SET @saved_cs_client     = @@character_set_client */;
/*!40101 SET character_set_client = utf8 */;
CREATE TABLE `nonclothingitem` (
  `SKU` int(11) NOT NULL,
  `colour` varchar(20) DEFAULT NULL,
  PRIMARY KEY (`SKU`),
  CONSTRAINT `nonclothingitem_ibfk_1` FOREIGN KEY (`SKU`) REFERENCES `item` (`SKU`)
) ENGINE=InnoDB DEFAULT CHARSET=latin1;
/*!40101 SET character_set_client = @saved_cs_client */;

--
-- Dumping data for table `nonclothingitem`
--

LOCK TABLES `nonclothingitem` WRITE;
/*!40000 ALTER TABLE `nonclothingitem` DISABLE KEYS */;
/*!40000 ALTER TABLE `nonclothingitem` ENABLE KEYS */;
UNLOCK TABLES;

--
-- Table structure for table `productline`
--

DROP TABLE IF EXISTS `productline`;
/*!40101 SET @saved_cs_client     = @@character_set_client */;
/*!40101 SET character_set_client = utf8 */;
CREATE TABLE `productline` (
  `name` varchar(30) NOT NULL,
  `category` varchar(30) NOT NULL,
  `price` decimal(4,2) NOT NULL,
  `thumbnailURL` varchar(200) DEFAULT NULL,
  `dateAdded` date NOT NULL,
  `isActiveForSale` tinyint(1) NOT NULL,
  `isFeatured` tinyint(1) NOT NULL,
  `additionalNotes` varchar(200) DEFAULT NULL,
  PRIMARY KEY (`name`)
) ENGINE=InnoDB DEFAULT CHARSET=latin1;
/*!40101 SET character_set_client = @saved_cs_client */;

--
-- Dumping data for table `productline`
--

LOCK TABLES `productline` WRITE;
/*!40000 ALTER TABLE `productline` DISABLE KEYS */;
INSERT INTO `productline` VALUES ('1','primis in',10.00,'','2002-02-20',1,1,''),('10','lorem ipsum',84.28,'http://microsoft.com/leo/pellentesque/ultrices/mattis/odio/donec.js','2003-03-24',1,0,''),('100','sit',67.09,'http://squidoo.com/ut/dolor.jsp','2007-01-02',0,1,''),('11','non mi',59.22,'https://last.fm/erat/vestibulum.jsp','2013-02-15',1,1,''),('12','augue vestibulum',15.94,'','2003-10-15',0,1,'vestibulum eget'),('13','sed',23.94,'http://un.org/quisque/porta.jpg','2011-08-18',1,1,''),('14','nulla',10.00,'https://wikipedia.org/orci/luctus/et/ultrices.js','2005-10-29',1,1,''),('15','erat',63.71,'https://amazon.de/elementum/ligula/vehicula.jsp','2001-05-22',1,1,''),('16','amet',95.18,'https://amazonaws.com/tortor/risus/dapibus/augue.aspx','2001-12-04',1,0,'ipsum'),('17','eu interdum',5.77,'https://behance.net/vulputate/luctus/cum/sociis/natoque/penatibus/et.json','2001-11-27',1,0,'vel'),('18','lorem ipsum',50.46,'https://stumbleupon.com/magna.aspx','2003-03-10',1,1,''),('19','odio',19.79,'https://examiner.com/libero/quis/orci/nullam/molestie.jpg','2014-04-30',0,1,'sagittis'),('2','fusce posuere',84.59,'https://trellian.com/augue/vestibulum.html','2014-08-16',0,1,''),('20','sapien',69.13,'','2002-01-17',0,1,''),('21','nunc purus',69.78,'https://reverbnation.com/habitasse/platea/dictumst/morbi/vestibulum/velit.html','2004-08-12',0,0,''),('22','nullam varius',85.42,'http://qq.com/nulla/pede/ullamcorper/augue/a/suscipit/nulla.js','2011-06-21',1,0,'scelerisque'),('23','pretium iaculis',81.09,'http://about.me/porta/volutpat.html','2014-06-01',1,0,''),('24','morbi',30.09,'https://themeforest.net/purus/eu/magna/vulputate/luctus/cum.html','2005-12-12',1,0,'semper interdum'),('25','porttitor',69.09,'https://patch.com/vulputate/luctus/cum/sociis/natoque/penatibus.html','2005-06-28',0,1,''),('26','ac nulla',40.80,'https://nasa.gov/elementum.js','2002-09-07',1,0,'rhoncus dui'),('27','sagittis nam',14.13,'https://barnesandnoble.com/consequat/dui.aspx','2003-01-01',1,0,'ante'),('28','duis consequat',78.56,'http://issuu.com/platea/dictumst.json','2006-06-30',1,1,''),('29','dapibus at',83.02,'https://ycombinator.com/etiam/vel/augue/vestibulum/rutrum/rutrum.jsp','2006-10-28',0,0,'justo etiam'),('3','vitae',87.87,'http://photobucket.com/rutrum/rutrum/neque/aenean/auctor.js','2014-07-24',1,1,''),('30','vel lectus',85.60,'http://epa.gov/dapibus/dolor/vel/est/donec.png','2001-09-02',0,0,''),('31','dolor sit',68.79,'http://github.com/in/libero/ut/massa.xml','2012-10-27',0,0,'ac'),('32','a',30.94,'http://europa.eu/blandit.jsp','2003-07-16',1,1,''),('33','quisque porta',18.15,'https://hud.gov/pellentesque/eget/nunc/donec/quis.png','2002-06-23',0,1,''),('34','nibh fusce',90.24,'http://smugmug.com/dapibus/duis/at/velit/eu.jpg','2014-02-22',0,1,''),('35','congue',78.07,'http://ted.com/duis/at/velit/eu/est/congue/elementum.json','2013-08-19',0,1,'duis faucibus'),('36','odio justo',62.20,'http://soundcloud.com/ac/neque/duis.jsp','2003-01-22',1,1,'etiam faucibus'),('37','pede',30.68,'','2004-02-29',0,1,'eu'),('38','justo',59.67,'http://meetup.com/ut/volutpat.xml','2006-06-19',1,0,''),('39','est donec',67.40,'https://vistaprint.com/commodo/vulputate/justo/in/blandit/ultrices.jpg','2006-11-06',1,0,'erat'),('4','consequat',81.60,'http://tamu.edu/eros/vestibulum/ac/est/lacinia.png','2001-11-04',1,1,''),('40','sed accumsan',29.73,'','2006-10-23',1,0,''),('41','nisl',88.36,'http://wisc.edu/ultrices/libero/non/mattis/pulvinar.jpg','2010-12-11',0,0,''),('42','lorem',53.78,'http://discuz.net/pulvinar/nulla/pede/ullamcorper/augue/a.jpg','2004-02-09',1,0,''),('43','posuere',19.20,'https://hostgator.com/pede.aspx','2014-03-27',1,0,''),('44','vestibulum ante',10.69,'http://mediafire.com/quis.js','2011-04-08',0,1,''),('45','sed',34.32,'http://imgur.com/vestibulum/ante/ipsum/primis.png','2008-06-26',1,0,''),('46','ante ipsum',21.92,'http://jiathis.com/tincidunt/in/leo.html','2013-04-30',0,1,''),('47','id',79.83,'','2008-01-12',0,0,''),('48','ullamcorper',83.95,'https://youtu.be/cubilia/curae.xml','2013-02-04',0,1,''),('49','rutrum nulla',53.36,'https://parallels.com/sit/amet/erat.xml','2008-10-03',1,1,''),('5','sed',53.78,'http://flickr.com/quis/orci/eget/orci/vehicula/condimentum/curabitur.jsp','2001-09-29',1,0,'congue risus'),('50','integer',20.17,'http://qq.com/id/lobortis/convallis/tortor.jsp','2001-03-23',0,1,''),('51','sit',69.23,'https://wired.com/pede/morbi/porttitor/lorem.js','2012-03-25',0,0,'mauris lacinia'),('52','bibendum',24.02,'https://bigcartel.com/pede/morbi/porttitor/lorem.jpg','2014-02-02',1,1,'donec vitae'),('53','maecenas leo',96.79,'http://usgs.gov/vestibulum/vestibulum/ante.jpg','2009-05-22',1,0,'in faucibus'),('54','potenti',39.28,'','2006-08-01',0,1,'nisl aenean'),('55','ipsum',15.30,'https://xinhuanet.com/posuere/cubilia/curae/duis/faucibus/accumsan/odio.html','2010-09-12',1,1,''),('56','semper rutrum',63.06,'','2002-06-28',1,0,'justo in'),('57','tempus vivamus',68.54,'https://skyrock.com/eu/orci/mauris.html','2009-01-04',0,1,'at'),('58','nam congue',34.51,'','2012-06-04',0,1,'vestibulum ante'),('59','vestibulum',91.21,'','2002-01-21',0,1,'nibh'),('6','magnis dis',92.94,'http://facebook.com/leo/odio/porttitor/id/consequat/in/consequat.js','2011-05-17',1,1,''),('60','justo',18.99,'https://alexa.com/praesent/blandit/lacinia.jpg','2005-12-05',0,1,'varius integer'),('61','eget',81.89,'http://cpanel.net/pellentesque/at/nulla/suspendisse/potenti/cras.json','2008-11-23',0,0,'ipsum primis'),('62','duis ac',23.42,'https://hugedomains.com/etiam.aspx','2007-10-02',1,0,''),('63','vestibulum',11.73,'https://uiuc.edu/non/mattis/pulvinar/nulla.xml','2003-05-16',1,0,'nunc vestibulum'),('64','vitae',25.82,'http://bravesites.com/ac/consequat/metus/sapien.html','2008-01-13',1,0,''),('65','libero nullam',96.86,'https://altervista.org/orci/mauris/lacinia/sapien/quis/libero.xml','2001-07-30',0,0,'dapibus duis'),('66','sit amet',22.68,'http://1und1.de/tortor.png','2010-03-23',0,1,'sit amet'),('67','sed',23.99,'http://army.mil/porttitor.xml','2013-10-23',1,1,''),('68','ut odio',40.99,'http://dropbox.com/morbi.js','2006-11-21',0,1,'id sapien'),('69','ipsum primis',22.91,'','2013-06-06',0,1,'primis'),('7','ac',49.18,'https://mapquest.com/at/vulputate/vitae.html','2008-09-09',1,1,'adipiscing molestie'),('70','et',27.75,'https://homestead.com/nulla/quisque/arcu/libero.jsp','2008-02-15',1,0,'primis in'),('71','posuere',73.14,'https://who.int/mauris/enim/leo.jpg','2005-02-07',0,1,''),('72','tincidunt',17.80,'http://chronoengine.com/tortor/quis.json','2007-10-21',0,0,'libero'),('73','a',70.01,'','2013-10-02',1,1,'in'),('74','in',87.62,'https://rediff.com/leo/rhoncus/sed/vestibulum/sit/amet.jsp','2006-02-05',0,1,'nulla'),('75','praesent',94.53,'https://smh.com.au/fusce/congue/diam/id.png','2003-07-20',1,1,''),('76','convallis nunc',98.71,'https://mayoclinic.com/semper/porta/volutpat/quam/pede/lobortis.jpg','2009-08-22',0,1,'donec semper'),('77','sit amet',25.54,'https://nps.gov/at/velit/eu/est.aspx','2008-05-26',1,1,''),('78','aliquam lacus',71.01,'https://skyrock.com/nibh/quisque/id.png','2014-03-21',1,1,''),('79','pharetra',69.25,'https://jiathis.com/non/velit/nec/nisi.json','2013-05-01',1,1,''),('8','dolor quis',84.06,'','2008-09-30',1,1,''),('80','rhoncus',95.82,'https://tumblr.com/maecenas/tristique/est/et/tempus.jpg','2004-02-11',0,0,'lorem'),('81','eleifend',85.17,'https://wikia.com/semper/interdum/mauris.json','2012-04-18',1,1,'porttitor lacus'),('82','pede venenatis',64.09,'http://oracle.com/ultrices/posuere/cubilia/curae.jpg','2006-08-10',1,1,''),('83','ac nulla',16.79,'https://go.com/elementum/eu/interdum/eu/tincidunt/in.xml','2006-04-24',1,0,'mauris viverra'),('84','lectus vestibulum',88.79,'https://salon.com/nulla/facilisi/cras/non/velit/nec/nisi.html','2013-04-23',0,0,'id'),('85','porttitor id',70.63,'https://springer.com/potenti/nullam/porttitor/lacus.jpg','2008-06-09',0,0,''),('86','non',30.48,'http://cyberchimps.com/nam.json','2010-06-04',1,1,'in purus'),('87','rhoncus',76.94,'https://paginegialle.it/aliquam/augue.xml','2001-12-14',0,0,''),('88','gravida nisi',22.63,'https://globo.com/luctus/rutrum.xml','2000-11-28',0,0,'odio donec'),('89','quis',94.20,'http://cbslocal.com/ullamcorper/purus/sit/amet/nulla/quisque.xml','2014-04-25',0,1,''),('9','venenatis tristique',68.07,'','2005-04-25',0,0,''),('90','gravida',39.91,'https://vinaora.com/consequat/in/consequat/ut/nulla/sed.png','2012-06-23',1,1,''),('91','nulla',50.89,'http://hc360.com/sem/mauris/laoreet/ut/rhoncus/aliquet/pulvinar.jpg','2011-08-08',1,0,''),('92','scelerisque',4.76,'https://discuz.net/id/turpis/integer/aliquet/massa.jsp','2004-03-30',1,1,'rutrum nulla'),('93','pede malesuada',72.58,'https://thetimes.co.uk/fusce/lacus/purus/aliquet.aspx','2010-02-01',0,1,'augue vel'),('94','turpis',22.94,'https://ucsd.edu/vestibulum/velit/id/pretium/iaculis/diam.html','2009-02-26',1,0,'ante'),('95','vivamus',90.66,'','2009-12-24',1,0,'vel pede'),('96','justo sit',26.93,'https://linkedin.com/enim/lorem/ipsum/dolor/sit/amet/consectetuer.html','2004-11-09',1,0,'ligula'),('97','proin leo',73.17,'http://twitter.com/magna/vulputate/luctus/cum.json','2007-08-26',1,1,'nascetur ridiculus'),('98','tempus sit',11.71,'https://hao123.com/consequat/nulla/nisl/nunc.xml','2002-01-09',1,0,''),('99','at',4.46,'http://networkadvertising.org/maecenas/tincidunt/lacus/at/velit/vivamus/vel.js','2012-08-22',1,1,''),('Mens Shirts','Clothing',19.99,'example.com','2014-11-11',1,0,NULL);
/*!40000 ALTER TABLE `productline` ENABLE KEYS */;
UNLOCK TABLES;

--
-- Table structure for table `shopper`
--

DROP TABLE IF EXISTS `shopper`;
/*!40101 SET @saved_cs_client     = @@character_set_client */;
/*!40101 SET character_set_client = utf8 */;
CREATE TABLE `shopper` (
  `userID` int(11) NOT NULL,
  `username` varchar(20) NOT NULL,
  `pword` varchar(30) NOT NULL,
  `email` varchar(50) DEFAULT NULL,
  `firstname` varchar(15) NOT NULL,
  `lastname` varchar(15) DEFAULT NULL,
  PRIMARY KEY (`userID`)
) ENGINE=InnoDB DEFAULT CHARSET=latin1;
/*!40101 SET character_set_client = @saved_cs_client */;

--
-- Dumping data for table `shopper`
--

LOCK TABLES `shopper` WRITE;
/*!40000 ALTER TABLE `shopper` DISABLE KEYS */;
INSERT INTO `shopper` VALUES (1,'cgarcia0','rC1huls','','Cheryl','--UNKNOWN--'),(2,'cwillis1','fMlpta','','Carlos','Willis'),(3,'swilliamson2','kgkP8WJ4','','Sandra','Williamson'),(4,'mwilson3','c2nTV7kixFJ','mday3@exblog.jp','Margaret','--UNKNOWN--'),(5,'cmason4','pek9Y8anMx','cmason4@hexun.com','Christopher','Mason'),(6,'whernandez5','DAmLuThq','','William','Hernandez'),(7,'jmorales6','IHNFKPg','jmorales6@weibo.com','Jacqueline','Morales'),(8,'jrice7','6pturdbvWAJ','jrice7@bluehost.com','Jerry','Rice'),(9,'lgarza8','OhFx7w0ACjzJ','lfuller8@last.fm','Lisa','--UNKNOWN--'),(10,'rbutler9','uXo1wLSVA3','rbutler9@simplemachines.org','Ruby','Butler'),(11,'rsmitha','Qe8USI4GNpYZ','','Raymond','--UNKNOWN--'),(12,'nhowardb','69wKgW','nhowardb@nydailynews.com','Nancy','Howard'),(13,'tmoorec','HcUuyLjh2OI','tmoorec@themeforest.net','Todd','Moore'),(14,'vmorrisd','HAijtDXFimvn','vtuckerd@indiegogo.com','Virginia','--UNKNOWN--'),(15,'dboyde','l5l9WEs','dboyde@istockphoto.com','Douglas','Boyd'),(16,'cwhitef','0qXTI4odnL9Y','cwhitef@theguardian.com','Charles','White'),(17,'gjohnstong','z0t8RYRasT','gjohnstong@tinyurl.com','Gerald','Johnston'),(18,'nmillerh','Uljdkni','nmillerh@miibeian.gov.cn','Norma','Miller'),(19,'smccoyi','FqMn5Pyf','smccoyi@privacy.gov.au','Steven','Mccoy'),(20,'jfisherj','5aMhwxeF5h','jrodriguezj@accuweather.com','Jack','--UNKNOWN--'),(21,'dramirezk','e1uS1HyfKb','dramirezk@ning.com','Dennis','Ramirez'),(22,'lcastillol','pclJevZY','lcastillol@cdbaby.com','Louise','Castillo'),(23,'lgomezm','Gt25xqkh','lgomezm@yelp.com','Larry','Gomez'),(24,'amendozan','3hyfd1aWH','amendozan@bbb.org','Anna','Mendoza'),(25,'saustino','qzbWLAJSRRlw','sphillipso@walmart.com','Sharon','--UNKNOWN--'),(26,'kwhitep','4KrLPSsNgua','kfloresp@devhub.com','Kevin','--UNKNOWN--'),(27,'ppattersonq','LtSGpEXBM5D','pstewartq@godaddy.com','Phyllis','--UNKNOWN--'),(28,'rkingr','CR5shaHzfnC','rkingr@army.mil','Rachel','King'),(29,'srileys','w2nWA1lA','srileys@addtoany.com','Sandra','Riley'),(30,'jcookt','e3hlIJ0qO','jcookt@army.mil','Jesse','Cook'),(31,'jwalkeru','utvc0bWH26','jwalkeru@desdev.cn','Jane','Walker'),(32,'wparkerv','fXnj9h','wparkerv@tuttocitta.it','William','Parker'),(33,'ebarnesw','E9sV16','','Eugene','--UNKNOWN--'),(34,'warmstrongx','udy260RE6pG','warmstrongx@mashable.com','Wayne','Armstrong'),(35,'cpattersony','W5ee2Mdue','cpattersony@theguardian.com','Carolyn','Patterson'),(36,'fkellyz','2lHMaZSAKSL','','Fred','Kelly'),(37,'jwheeler10','btZy47','jwheeler10@biblegateway.com','Jesse','Wheeler'),(38,'jking11','7ALdwRytuv','jking11@census.gov','Joan','King'),(39,'lrogers12','0xqjjc6','lrogers12@tinypic.com','Larry','Rogers'),(40,'lwashington13','aqO4iqNA','','Larry','Washington'),(41,'jgriffin14','IyDpNR','jgriffin14@ustream.tv','Jimmy','Griffin'),(42,'jburns15','uVnqr2sinpRB','jburns15@freewebs.com','Julia','Burns'),(43,'ehayes16','w3eZRBB4','ehayes16@xinhuanet.com','Evelyn','Hayes'),(44,'gowens17','dfcy1KcqhLX','gowens17@slate.com','Gregory','Owens'),(45,'gpatterson18','djna5cP','','Gerald','Patterson'),(46,'gboyd19','28AVly23pLG','gboyd19@foxnews.com','Gloria','Boyd'),(47,'criley1a','XhQMSE','','Christine','Riley'),(48,'awright1b','v0A6I4DYb7','awright1b@aboutads.info','Arthur','Wright'),(49,'mmontgomery1c','RxoFZwuKybn','mwarren1c@scribd.com','Michelle','--UNKNOWN--'),(50,'mburke1d','WJ6Yxp6G0jjh','mburke1d@pen.io','Marie','Burke'),(51,'glopez1e','UZFXgHMmAbDp','glopez1e@hc360.com','Gloria','Lopez'),(52,'redwards1f','vbv9idOgTref','redwards1f@yellowbook.com','Randy','Edwards'),(53,'dparker1g','ap3Hlft','dparker1g@boston.com','Donald','Parker'),(54,'jcrawford1h','H4K1C4U8dF','jcrawford1h@yahoo.com','Judith','Crawford'),(55,'hdixon1i','V8lxfyv','hdixon1i@wiley.com','Howard','Dixon'),(56,'rreed1j','66qlA4u','rreed1j@dion.ne.jp','Rebecca','Reed'),(57,'pwalker1k','qNIFy4','pkelley1k@com.com','Peter','--UNKNOWN--'),(58,'rcoleman1l','wmyYalj0Hcc','rcoleman1l@tinypic.com','Raymond','Coleman'),(59,'ktorres1m','a2wgI5p3Kqcy','ktorres1m@marketwatch.com','Kevin','Torres'),(60,'gmitchell1n','9r2NsTL7voNL','','Gerald','Mitchell'),(61,'rperry1o','YYz5lKA','rperry1o@ft.com','Raymond','Perry'),(62,'alynch1p','SG3864Ta','alynch1p@geocities.jp','Annie','Lynch'),(63,'nharvey1q','YMVX77xK','nharvey1q@about.com','Nicholas','Harvey'),(64,'nmason1r','SFyWjOXAcl','nmason1r@spotify.com','Nicholas','Mason'),(65,'lross1s','iQ60anW97tZI','lross1s@redcross.org','Laura','Ross'),(66,'probertson1t','K5NdnPg','','Paula','Robertson'),(67,'selliott1u','KCHDOeSr','selliott1u@google.co.jp','Sean','Elliott'),(68,'breed1v','TZn0a6EW2W','breed1v@elegantthemes.com','Beverly','Reed'),(69,'frichardson1w','NCc4DwIR0Xi','frichardson1w@wp.com','Frances','Richardson'),(70,'shall1x','6LwYpjCYy','','Samuel','Hall'),(71,'sgordon1y','Lco8jb','sgordon1y@multiply.com','Stephen','Gordon'),(72,'rkennedy1z','Zfolem9CVO7','rkennedy1z@diigo.com','Rebecca','Kennedy'),(73,'sfrazier20','a0YqEWHtvVw','sspencer20@un.org','Stephanie','--UNKNOWN--'),(74,'pmedina21','mfG0REV1','pjones21@ibm.com','Paul','--UNKNOWN--'),(75,'kjacobs22','6fcuFieRJvK','kfrazier22@pcworld.com','Kevin','--UNKNOWN--'),(76,'jjohnson23','dn2uGR2','jjohnson23@spiegel.de','Joshua','Johnson'),(77,'belliott24','INKh0QMwnlI','belliott24@shinystat.com','Bobby','Elliott'),(78,'alee25','35gMSTK','abowman25@ocn.ne.jp','Angela','--UNKNOWN--'),(79,'hmendoza26','YZH5IOeXy','hmendoza26@mail.ru','Henry','Mendoza'),(80,'tsanchez27','bv4yXe2J','tsanchez27@squarespace.com','Tina','Sanchez'),(81,'acampbell28','m6YAfiIKJ','','Adam','Campbell'),(82,'lmorris29','xzXp4sKHF','lmorris29@macromedia.com','Linda','Morris'),(83,'myoung2a','Wwzag1nm','mwright2a@smugmug.com','Mark','--UNKNOWN--'),(84,'wlawson2b','akoCuA6wY5','wlawson2b@wisc.edu','William','Lawson'),(85,'wgonzales2c','RIeIrfnNg','wkelly2c@reverbnation.com','Wayne','--UNKNOWN--'),(86,'kreed2d','2rfMBLowGM8W','kreed2d@multiply.com','Kenneth','Reed'),(87,'cgreene2e','xDBfKjR','cbell2e@mapy.cz','Charles','--UNKNOWN--'),(88,'jmendoza2f','8EMhcOWh3swz','jmendoza2f@biglobe.ne.jp','Juan','Mendoza'),(89,'cburke2g','aUaVujbLLKY','cburke2g@mtv.com','Carlos','Burke'),(90,'aburns2h','IFj9kq5Tn6cZ','aburns2h@prlog.org','Alice','Burns'),(91,'wburns2i','952aR1C3','wburns2i@cafepress.com','Walter','Burns'),(92,'cwilliams2j','NHWjmKfSHE','cwilliams2j@google.cn','Craig','Williams'),(93,'lgardner2k','kS6o0NbDv','lhoward2k@illinois.edu','Louise','--UNKNOWN--'),(94,'pramos2l','NKpOYY0Ugb0','phicks2l@topsy.com','Phillip','--UNKNOWN--'),(95,'mlane2m','gQSZNXulLGDe','mpowell2m@1und1.de','Martin','--UNKNOWN--'),(96,'hhart2n','wPDPzb','hhart2n@surveymonkey.com','Henry','Hart'),(97,'mmeyer2o','JCLkI9pCEo','mmeyer2o@soundcloud.com','Mildred','Meyer'),(98,'aromero2p','Mu1SMs3DW','aromero2p@ameblo.jp','Anthony','Romero'),(99,'wsimmons2q','qeNxUH6Dwi1j','wsimmons2q@ucsd.edu','Wanda','Simmons'),(100,'cellis2r','E31BGyaSWtVr','cellis2r@gizmodo.com','Christine','Ellis'),(101,'mwallace2s','AIFoMmM8Gy','mblack2s@lycos.com','Mildred','--UNKNOWN--'),(102,'creyes2t','jgrF4ar2F','','Carol','Reyes'),(103,'efernandez2u','8jxAzEYAUPf','efernandez2u@blogtalkradio.com','Ernest','Fernandez'),(104,'ecoleman2v','GEVOvo','etorres2v@paginegialle.it','Elizabeth','--UNKNOWN--'),(105,'amatthews2w','CWhYzD','alawson2w@slashdot.org','Annie','--UNKNOWN--'),(106,'llopez2x','JIRwPPX','llopez2x@smugmug.com','Lori','Lopez'),(107,'lrobertson2y','kUfdxnw1uviq','lrobertson2y@vkontakte.ru','Lawrence','Robertson'),(108,'ereed2z','DjCiHjtKfPu','ereed2z@wsj.com','Earl','Reed'),(109,'bjordan30','VflQUV','bking30@walmart.com','Brenda','--UNKNOWN--'),(110,'kmoreno31','364OA73q','kmoreno31@joomla.org','Kathleen','Moreno'),(111,'kryan32','6pJd2obq','kryan32@ocn.ne.jp','Kathy','Ryan'),(112,'dwashington33','UnSOjXvH','dwashington33@ameblo.jp','Diane','Washington'),(113,'rpeters34','eqqTwbt','rpeters34@msu.edu','Robert','Peters'),(114,'jward35','KZVPcqM','jward35@infoseek.co.jp','Judith','Ward'),(115,'cperez36','tty3kzCG','cperez36@nyu.edu','Chris','Perez'),(116,'tbradley37','SyPb4aNttc','tbradley37@utexas.edu','Tina','Bradley'),(117,'mpowell38','HV0KnVuUf','mpowell38@nps.gov','Margaret','Powell'),(118,'mharper39','eAkCXpiwTiQx','mharper39@istockphoto.com','Mary','Harper'),(119,'lfisher3a','Fb31nJte','lfisher3a@shareasale.com','Lawrence','Fisher'),(120,'tramirez3b','IdOfEJsr5tls','tgraham3b@ustream.tv','Todd','--UNKNOWN--'),(121,'bporter3c','jWrguAvsXEJ','','Bobby','Porter'),(122,'aford3d','47p8oI2','aford3d@opensource.org','Antonio','Ford'),(123,'jrussell3e','ZsD1n6sya2E5','jrussell3e@theglobeandmail.com','Juan','Russell'),(124,'jdiaz3f','UF9VInvMOSet','jdiaz3f@yellowbook.com','Judy','Diaz'),(125,'jlawrence3g','4JLmZ8','jlawrence3g@buzzfeed.com','Jeffrey','Lawrence'),(126,'lhill3h','cfXx4KH','','Linda','Hill'),(127,'pchavez3i','948F1H9BeJM','pchavez3i@slideshare.net','Phillip','Chavez'),(128,'hramos3j','35RN2F','hkelly3j@loc.gov','Henry','--UNKNOWN--'),(129,'wburton3k','F59BI1Uazkg','wburton3k@narod.ru','Willie','Burton'),(130,'pchavez3l','6dDL6X5','pchavez3l@live.com','Paula','Chavez'),(131,'sgriffin3m','6V4HsDv41Y','sgriffin3m@sciencedirect.com','Steven','Griffin'),(132,'lsimmons3n','q5mScDR','lsimmons3n@yellowpages.com','Linda','Simmons'),(133,'ckennedy3o','n9zTKlz0LD','ckennedy3o@joomla.org','Clarence','Kennedy'),(134,'jrice3p','RwGJnELIIT','jrice3p@alexa.com','Justin','Rice'),(135,'chunt3q','tBszvV4nu5y','cwheeler3q@boston.com','Carl','--UNKNOWN--'),(136,'ajames3r','SBazxxgno','ajames3r@last.fm','Andrea','James'),(137,'cmatthews3s','wRQlIOZ','chanson3s@huffingtonpost.com','Catherine','--UNKNOWN--'),(138,'knichols3t','wWbd2JBi','ksanchez3t@unesco.org','Keith','--UNKNOWN--'),(139,'knelson3u','3fSkyb','knelson3u@phpbb.com','Kathy','Nelson'),(140,'lbennett3v','bdg8ghubKWh','lbennett3v@japanpost.jp','Louis','Bennett'),(141,'emyers3w','YWTPIvR6Wrj','emyers3w@independent.co.uk','Earl','Myers'),(142,'jlane3x','NfxPot1ii1f','jlane3x@bbc.co.uk','Julie','Lane'),(143,'fgarcia3y','ezYENk','fgarcia3y@oracle.com','Frances','Garcia'),(144,'hbryant3z','ka4KdDopoL','hgibson3z@oaic.gov.au','Henry','--UNKNOWN--'),(145,'voliver40','Ku55PwI','voliver40@bigcartel.com','Victor','Oliver'),(146,'jday41','5XD02ibwF','jdunn41@reference.com','Jesse','--UNKNOWN--'),(147,'whill42','m1nrUL','whill42@privacy.gov.au','Willie','Hill'),(148,'ehicks43','JI6DevODr5hg','','Eric','Hicks'),(149,'hford44','7IKXReK','hford44@hatena.ne.jp','Henry','Ford'),(150,'jnelson45','644qEZ5Ea3','jnelson45@cargocollective.com','Jeremy','Nelson'),(151,'estone46','Qdxn3W3XP1','estone46@slideshare.net','Ernest','Stone'),(152,'cwoods47','D95vAAzJ','cwoods47@ustream.tv','Christine','Woods'),(153,'kgriffin48','DDJhIa','kruiz48@ucla.edu','Kathryn','--UNKNOWN--'),(154,'phunter49','hVT6HZEy0Sf','phunter49@trellian.com','Peter','Hunter'),(155,'rclark4a','xiAQO8pWLL','rclark4a@123-reg.co.uk','Rose','Clark'),(156,'lpatterson4b','zt7OMJRej','','Lawrence','--UNKNOWN--'),(157,'lcunningham4c','Y6G6pQ505','lcunningham4c@baidu.com','Lois','Cunningham'),(158,'pruiz4d','w5nW2RhfR3D','pruiz4d@unc.edu','Patrick','Ruiz'),(159,'dwright4e','Ft5ror0GvCXM','dwright4e@cocolog-nifty.com','David','Wright'),(160,'mgonzales4f','vyigfoj','mgonzales4f@slideshare.net','Michael','Gonzales'),(161,'aaustin4g','0VgKn18zbBb','aaustin4g@bandcamp.com','Andrew','Austin'),(162,'lroberts4h','oHA88tp','lroberts4h@biblegateway.com','Laura','Roberts'),(163,'lhill4i','NDbeXE','lking4i@miitbeian.gov.cn','Lillian','--UNKNOWN--'),(164,'emcdonald4j','vF9BI7vqly','emcdonald4j@ustream.tv','Earl','Mcdonald'),(165,'cschmidt4k','s0VOk2lNL','cschmidt4k@yolasite.com','Charles','Schmidt'),(166,'jdiaz4l','BtW4b82','jdiaz4l@oracle.com','Jimmy','Diaz'),(167,'mcook4m','IwsZoC2AZfK','mcook4m@woothemes.com','Mary','Cook'),(168,'ahayes4n','lcjS0gu1','ahayes4n@bandcamp.com','Amanda','Hayes'),(169,'jmitchell4o','wVQrbIVpP7x','jmitchell4o@deliciousdays.com','Judy','Mitchell'),(170,'bbarnes4p','PIs8GIiEJg','bbarnes4p@earthlink.net','Bruce','Barnes'),(171,'ajordan4q','KzLg23KQ4','ajordan4q@icio.us','Ashley','Jordan'),(172,'hgreene4r','E9Zqba8','hgreene4r@tamu.edu','Harry','Greene'),(173,'bbaker4s','p1ZZxmS0S','bbaker4s@ox.ac.uk','Benjamin','Baker'),(174,'jchavez4t','OwxvZf96NX','jwebb4t@delicious.com','Jacqueline','--UNKNOWN--'),(175,'bharper4u','jkZYJmpo3','bray4u@yahoo.com','Beverly','--UNKNOWN--'),(176,'jfields4v','vlmnv0G0cy','jfields4v@ebay.com','Jesse','Fields'),(177,'aburke4w','ARxBKLw','aburke4w@zimbio.com','Adam','Burke'),(178,'jmiller4x','qgrQr98VoU','jmiller4x@boston.com','Jeffrey','Miller'),(179,'mpayne4y','fnTEjNK','mpayne4y@taobao.com','Margaret','Payne'),(180,'sgreen4z','wNgQmz72C','sgreen4z@wordpress.com','Sara','Green'),(181,'mfoster50','ADm1CfbPp7Ep','mfoster50@europa.eu','Mary','Foster'),(182,'amontgomery51','LazP3yFv','amontgomery51@ucsd.edu','Albert','Montgomery'),(183,'lmatthews52','wQF6yCfkBGZy','lmatthews52@paginegialle.it','Lori','Matthews'),(184,'jwagner53','SRMMmBMd','jwagner53@blogspot.com','Jonathan','Wagner'),(185,'dadams54','i0O2TkUUqKqO','dadams54@123-reg.co.uk','Dorothy','Adams'),(186,'clewis55','vRxYL8fUl58W','clewis55@wiley.com','Clarence','Lewis'),(187,'mcruz56','wzRpBlWBHcEv','','Margaret','Cruz'),(188,'jgardner57','AqBfY8IN','jgardner57@reuters.com','Jessica','Gardner'),(189,'cdaniels58','ZMuGxNkY','cdaniels58@parallels.com','Catherine','Daniels'),(190,'jpeterson59','etPhC8G6LwFp','jpeterson59@rambler.ru','Jason','Peterson'),(191,'jhanson5a','revriSD','jhanson5a@4shared.com','Jerry','Hanson'),(192,'kweaver5b','wEZKB9','kweaver5b@lycos.com','Kenneth','Weaver'),(193,'rjohnson5c','gvFeqZXlg','rjohnson5c@narod.ru','Rebecca','Johnson'),(194,'dburton5d','dA4grkG','dburton5d@icq.com','David','Burton'),(195,'ghawkins5e','OpdfTA','ghawkins5e@illinois.edu','Gregory','Hawkins'),(196,'rwelch5f','8J40p2I','rwelch5f@archive.org','Randy','Welch'),(197,'jmorris5g','eHvZYfcW1t0J','jmorris5g@google.com.hk','Juan','Morris'),(198,'tfuller5h','JhPnlw','trichardson5h@buzzfeed.com','Thomas','--UNKNOWN--'),(199,'abennett5i','DJnauQBg7o4','ahall5i@bloglines.com','Antonio','--UNKNOWN--'),(200,'srogers5j','UwU38WF','','Sean','Rogers'),(201,'wmoreno5k','bJMgbe','','Walter','Moreno'),(202,'jpowell5l','qKu3jczrRo','jpowell5l@cisco.com','Jessica','Powell'),(203,'phowell5m','did2OFz','phowell5m@freewebs.com','Paul','Howell'),(204,'ganderson5n','KLPYP1UJxVZ','ganderson5n@ca.gov','George','Anderson'),(205,'cgreen5o','sM41qMTNy','cgreen5o@issuu.com','Clarence','Green'),(206,'kgardner5p','H5Xyuj','kgardner5p@unblog.fr','Kathy','Gardner'),(207,'rgreene5q','ejX8Ws','rgreene5q@imdb.com','Ruby','Greene'),(208,'kkennedy5r','d3OEjwatz','kkennedy5r@deliciousdays.com','Katherine','Kennedy'),(209,'dbutler5s','YbQM1dMMIN','dbutler5s@netlog.com','Deborah','Butler'),(210,'gphillips5t','QMmnWJjo','gwallace5t@gmpg.org','Gerald','--UNKNOWN--'),(211,'poliver5u','bwETcjRn','poliver5u@ibm.com','Paul','Oliver'),(212,'bfreeman5v','KsJEqn7uFnv','bmccoy5v@phpbb.com','Bobby','--UNKNOWN--'),(213,'shicks5w','ERWHgMufH','shicks5w@fotki.com','Shirley','Hicks'),(214,'jmendoza5x','I4xCPJ6','jmendoza5x@reuters.com','Julia','Mendoza'),(215,'jknight5y','kD805A4Jah','jknight5y@webs.com','Janet','Knight'),(216,'kclark5z','QH0N3mDZ','kclark5z@oaic.gov.au','Kimberly','Clark'),(217,'jgardner60','SwvBnBWS','jgardner60@imdb.com','Jean','Gardner'),(218,'rspencer61','mkmXU2BgZNK','rspencer61@vistaprint.com','Ruth','Spencer'),(219,'cwheeler62','T5c8Px','cwheeler62@google.com.au','Catherine','Wheeler'),(220,'pwilliamson63','XGkJdyYXNPN','pwilliamson63@t-online.de','Peter','Williamson'),(221,'smartinez64','nUw7Ls','smartinez64@dailymotion.com','Samuel','Martinez'),(222,'ctorres65','vQyFlJD9a0S','cvasquez65@gizmodo.com','Carolyn','--UNKNOWN--'),(223,'wowens66','7dVop6OUOmz','wowens66@squidoo.com','William','Owens'),(224,'smoreno67','gdjcE7cVpAl','','Steve','Moreno'),(225,'mwheeler68','kv4SUzg','mwheeler68@newyorker.com','Margaret','Wheeler'),(226,'sdavis69','2oPa6bSzzU2','shanson69@infoseek.co.jp','Sandra','--UNKNOWN--'),(227,'lhunter6a','DENL37an5','lhunter6a@slate.com','Lillian','Hunter'),(228,'jsimmons6b','Fr7NqbnfLJ','jsimmons6b@photobucket.com','Jeremy','Simmons'),(229,'dsimpson6c','3bbWENTgcBQJ','dsimpson6c@salon.com','Dennis','Simpson'),(230,'ckennedy6d','jU5TJs3z','ckennedy6d@1und1.de','Craig','Kennedy'),(231,'erogers6e','vfgBCm','','Emily','Rogers'),(232,'sstewart6f','sEnNh9jvAQ24','sstewart6f@slideshare.net','Stephen','Stewart'),(233,'cpalmer6g','aOATHOFx9D','cpalmer6g@wsj.com','Chris','Palmer'),(234,'gweaver6h','KGHX7y','gweaver6h@weebly.com','Gloria','Weaver'),(235,'csmith6i','7VfWVqT3P','','Cheryl','Smith'),(236,'phicks6j','yiLVbHdIb5I','phicks6j@who.int','Paul','Hicks'),(237,'dfowler6k','YYZdvy8X','dfowler6k@shinystat.com','Debra','Fowler'),(238,'ssimmons6l','PA2k5Fe0L','ssimmons6l@cnet.com','Shirley','Simmons'),(239,'swallace6m','gAIhoivXIp','swallace6m@squidoo.com','Sandra','Wallace'),(240,'mfoster6n','o4ksHy179d8','mfoster6n@apple.com','Mark','Foster'),(241,'tedwards6o','XV4Xv1j2Yw','tedwards6o@homestead.com','Terry','Edwards'),(242,'igray6p','mVjRuNFjMDmW','ischmidt6p@cmu.edu','Irene','--UNKNOWN--'),(243,'dsims6q','pRkvXsUDRm','dsims6q@dedecms.com','Doris','Sims'),(244,'cmoore6r','unn2V4p','cmoore6r@youtube.com','Chris','Moore'),(245,'sthomas6s','AgslT1HO2Nik','sday6s@uiuc.edu','Sara','--UNKNOWN--'),(246,'lkelly6t','XJQqJ0ArT7','lkelly6t@dailymail.co.uk','Lori','Kelly'),(247,'cday6u','DNti9PNgC','cday6u@imdb.com','Charles','Day'),(248,'cjacobs6v','hUutKjh1z','cjacobs6v@salon.com','Carl','Jacobs'),(249,'pcarter6w','JJjkUm75UK','pcarter6w@ovh.net','Patrick','Carter'),(250,'snichols6x','thw6lQV','sromero6x@com.com','Stephanie','--UNKNOWN--'),(251,'csnyder6y','paaDcjs','csnyder6y@360.cn','Cynthia','Snyder'),(252,'bfranklin6z','hEKnR7Bwa','bfranklin6z@g.co','Benjamin','Franklin'),(253,'slong70','BVurxwmVe','slong70@google.pl','Stephen','Long'),(254,'apayne71','Pd0eS0C9jm','apayne71@yelp.com','Aaron','Payne'),(255,'mhart72','f237jZy','mhart72@sbwire.com','Mildred','Hart'),(256,'hperry73','NMOzSceD7X','hperry73@wikimedia.org','Henry','Perry'),(257,'phenry74','XnrvCQ','phenry74@gnu.org','Paula','Henry'),(258,'tnelson75','9Mzzvv8yx','tnelson75@time.com','Todd','Nelson'),(259,'proberts76','yOEVvz','proberts76@cnn.com','Peter','Roberts'),(260,'ejenkins77','Kqcr5egO','','Elizabeth','Jenkins'),(261,'brobertson78','rR16GU','brobertson78@epa.gov','Brenda','Robertson'),(262,'cwatson79','WCuSgIx','cwatson79@tiny.cc','Carlos','Watson'),(263,'sdixon7a','RJTVzOyqrpVI','sdixon7a@aboutads.info','Samuel','Dixon'),(264,'bmedina7b','5sUlUbaWHO1','bmedina7b@npr.org','Bruce','Medina'),(265,'bburns7c','LU5yEWj6P','bburns7c@theatlantic.com','Bobby','Burns'),(266,'kmorgan7d','ssIe3WJ5bMA','','Karen','Morgan'),(267,'agraham7e','DUsgV7Wf','agraham7e@histats.com','Anthony','Graham'),(268,'mgreene7f','pucUCiIs','mgreene7f@zdnet.com','Mark','Greene'),(269,'jday7g','QTuuRnN','','Johnny','Day'),(270,'plee7h','jOBYk3','plee7h@yelp.com','Paul','Lee'),(271,'marmstrong7i','HudnGIq','marmstrong7i@psu.edu','Martha','Armstrong'),(272,'rhayes7j','rGkpxaNUBP','rtucker7j@a8.net','Raymond','--UNKNOWN--'),(273,'myoung7k','v0CQ82Rwlx2','myoung7k@example.com','Marilyn','Young'),(274,'enelson7l','au0dCNRgfD','enelson7l@smh.com.au','Edward','Nelson'),(275,'ecarpenter7m','VNUxUQ','ecarpenter7m@wikispaces.com','Edward','Carpenter'),(276,'nrodriguez7n','eQWivdru4','nrodriguez7n@dion.ne.jp','Nicholas','Rodriguez'),(277,'cmason7o','NXaUhfOuf0a','canderson7o@howstuffworks.com','Cynthia','--UNKNOWN--'),(278,'jfernandez7p','xHykVRU6ZQkE','jfernandez7p@storify.com','Jennifer','Fernandez'),(279,'cramos7q','PcXGkUDH','cmendoza7q@illinois.edu','Carolyn','--UNKNOWN--'),(280,'kpalmer7r','4ZFjALb','kandrews7r@123-reg.co.uk','Kelly','--UNKNOWN--'),(281,'jwheeler7s','R8IAXmU3NvIP','jwheeler7s@issuu.com','Joe','Wheeler'),(282,'bgordon7t','cXnFa146sC7','bgordon7t@csmonitor.com','Brandon','Gordon'),(283,'cnelson7u','jAPYHK','cnelson7u@ask.com','Charles','Nelson'),(284,'selliott7v','eElqFpNGa','selliott7v@g.co','Shirley','Elliott'),(285,'fmeyer7w','z5x7O7','fmeyer7w@ucoz.ru','Frances','Meyer'),(286,'gevans7x','HbrrREU4Pgm','gevans7x@pen.io','Gregory','Evans'),(287,'blittle7y','K9jEkwbVR9md','blittle7y@xinhuanet.com','Billy','Little'),(288,'emorales7z','hOGEZx','emorales7z@geocities.com','Eugene','Morales'),(289,'jlane80','1Vwv4L3dSST','jmason80@ocn.ne.jp','Jeffrey','--UNKNOWN--'),(290,'smitchell81','xeh0EmDvk','','Steve','Mitchell'),(291,'jhernandez82','0wKEgS','jhernandez82@miibeian.gov.cn','Julie','Hernandez'),(292,'lsanders83','xIXtepc','lsanders83@cornell.edu','Louis','Sanders'),(293,'ewillis84','HgSQTj25CAQ7','','Emily','Willis'),(294,'tcastillo85','dwrbkcm','','Todd','Castillo'),(295,'rmurray86','vGTSRDQoNG','rmurray86@elegantthemes.com','Rose','Murray'),(296,'mrobertson87','wFQGqAGG8VFI','mrobertson87@ebay.com','Mark','Robertson'),(297,'ksullivan88','j0aA2G4xKqO','ksullivan88@marketwatch.com','Kevin','Sullivan'),(298,'aholmes89','p3fsmyjJz','aholmes89@webmd.com','Angela','Holmes'),(299,'lrivera8a','YcILQHtzjxyy','','Lawrence','Rivera'),(300,'mcunningham8b','Lyf602wKiTWD','mcunningham8b@fc2.com','Martha','Cunningham'),(301,'kweaver8c','ou9NRv','','Kathy','--UNKNOWN--'),(302,'mowens8d','BWMYENLDv86X','mowens8d@rediff.com','Marilyn','Owens'),(303,'abutler8e','zQBLByT30Z','aruiz8e@gov.uk','Alice','--UNKNOWN--'),(304,'jbennett8f','jZwvti7mCOo','','Jimmy','Bennett'),(305,'dyoung8g','YYrAoK1A','dyoung8g@xinhuanet.com','Dennis','Young'),(306,'jrivera8h','TQUpuKD','jrivera8h@hugedomains.com','Jimmy','Rivera'),(307,'srichardson8i','VURwhwvs7','','Scott','--UNKNOWN--'),(308,'dchavez8j','K1f7ZClRLg','','Doris','Chavez'),(309,'rolson8k','PTjcwJZbK9G','','Ruby','Olson'),(310,'levans8l','N4iyv9r','levans8l@dailymotion.com','Lori','Evans'),(311,'lrichards8m','eJ0TaKSHo9','lrichards8m@dedecms.com','Laura','Richards'),(312,'cbaker8n','RntHgIkP9','cking8n@instagram.com','Cheryl','--UNKNOWN--'),(313,'jwarren8o','9ocosdgMEj','jwarren8o@mit.edu','Jose','Warren'),(314,'tlopez8p','43IJ5oEUP','tlopez8p@jugem.jp','Thomas','Lopez'),(315,'amills8q','AE2N58n2l','amills8q@theglobeandmail.com','Arthur','Mills'),(316,'hjacobs8r','fepUqq1wa8Q','hjacobs8r@foxnews.com','Heather','Jacobs'),(317,'efisher8s','8wmKvypsH','ebrown8s@google.com.br','Edward','--UNKNOWN--'),(318,'eblack8t','ZlPIGR8XLm6','eblack8t@whitehouse.gov','Ernest','Black'),(319,'lsimmons8u','ZXlKsXl6R','lwillis8u@ow.ly','Lawrence','--UNKNOWN--'),(320,'awheeler8v','MZ6Zn1BR','awheeler8v@ox.ac.uk','Andrea','Wheeler'),(321,'apeters8w','kedSlE7Vml','apeters8w@comcast.net','Annie','Peters'),(322,'jmorgan8x','cxhA6dN','jmorgan8x@adobe.com','Jeffrey','Morgan'),(323,'astone8y','2t8DRe2y','aroberts8y@home.pl','Alan','--UNKNOWN--'),(324,'chansen8z','joq74Qth1','chansen8z@example.com','Craig','Hansen'),(325,'ahart90','eKa7PxNuIU','ahart90@moonfruit.com','Antonio','Hart'),(326,'jhenry91','Br6j2sss6','jhenry91@theglobeandmail.com','Justin','Henry'),(327,'pmills92','FtLDAhjEs','pmills92@biblegateway.com','Phillip','Mills'),(328,'jmorales93','VMibkh','jaustin93@google.pl','Johnny','--UNKNOWN--'),(329,'aryan94','QkEur8AhrdE','','Alan','Ryan'),(330,'astevens95','wIXNHzT','astevens95@mayoclinic.com','Annie','Stevens'),(331,'psanders96','IsvdSZsYa6Y','','Patricia','Sanders'),(332,'sgonzalez97','3ajf24w','sgonzalez97@youku.com','Sharon','Gonzalez'),(333,'jspencer98','J4aEtf','jspencer98@ning.com','Johnny','Spencer'),(334,'sduncan99','JD9K4m5gpOFO','sduncan99@studiopress.com','Sarah','Duncan'),(335,'tray9a','FUpGK5EX2DPu','tbrown9a@columbia.edu','Theresa','--UNKNOWN--'),(336,'llane9b','Q6IeWCvL','llane9b@discovery.com','Louise','Lane'),(337,'kdunn9c','gyXOcOvDzl','kgarrett9c@independent.co.uk','Kathleen','--UNKNOWN--'),(338,'spalmer9d','h9rW37ZJn5r','sdixon9d@java.com','Sandra','--UNKNOWN--'),(339,'llee9e','XLG0pFcK','llee9e@skype.com','Louise','Lee'),(340,'jrichardson9f','Bq5n1ySPNaS','jrichardson9f@furl.net','Jack','Richardson'),(341,'tthompson9g','y0Zy5eRVv','tharris9g@cyberchimps.com','Timothy','--UNKNOWN--'),(342,'dsmith9h','MxIdZJPFzK','dcampbell9h@wp.com','Daniel','--UNKNOWN--'),(343,'cspencer9i','hCDmhiH','cspencer9i@blog.com','Christopher','Spencer'),(344,'bthompson9j','y4fNOTTFU','bthompson9j@naver.com','Bobby','Thompson'),(345,'tmason9k','zIb2pFVK','tmason9k@purevolume.com','Todd','Mason'),(346,'csmith9l','2RAxv2xzN8v4','csmith9l@wordpress.org','Clarence','Smith'),(347,'schapman9m','oZNtLeszqeZr','schapman9m@theatlantic.com','Sarah','Chapman'),(348,'cgardner9n','Sicfwm3m','cgardner9n@paginegialle.it','Chris','Gardner'),(349,'klewis9o','9IXbCu6bFf','','Keith','Lewis'),(350,'nreynolds9p','njcY2a','nreynolds9p@huffingtonpost.com','Nicole','Reynolds'),(351,'kowens9q','DsolGofylw3','kowens9q@ustream.tv','Kathy','Owens'),(352,'eadams9r','Sw9ETQQIk','','Eugene','--UNKNOWN--'),(353,'jpeterson9s','uhxXrprLb9','jdaniels9s@artisteer.com','Julie','--UNKNOWN--'),(354,'kgeorge9t','cBGAxe4gX9ij','','Kenneth','--UNKNOWN--'),(355,'jford9u','9Qm9rKxV3SVW','jford9u@imdb.com','Jesse','Ford'),(356,'jhawkins9v','IVYpjshp5','jhawkins9v@soup.io','Joe','Hawkins'),(357,'mhayes9w','1HshHJ','mhayes9w@weather.com','Marie','Hayes'),(358,'jcarr9x','fqqyNCb0','jcarr9x@chronoengine.com','Judith','Carr'),(359,'eallen9y','gzUqmF5hG','esims9y@netscape.com','Earl','--UNKNOWN--'),(360,'hbryant9z','xuAu73dg','hbryant9z@discuz.net','Harry','Bryant'),(361,'lrobertsa0','A6drGFI','lrobertsa0@ifeng.com','Laura','Roberts'),(362,'swoodsa1','stzLstVLZf2','swoodsa1@economist.com','Susan','Woods'),(363,'jsnydera2','xy1XyP','jsnydera2@dedecms.com','Jesse','Snyder'),(364,'jsandersa3','DurjEpG8','jsandersa3@japanpost.jp','Johnny','Sanders'),(365,'bcampbella4','boOhYJb','bcampbella4@alexa.com','Bonnie','Campbell'),(366,'bscotta5','TFcnlYKyrj3Q','bscotta5@yelp.com','Brenda','Scott'),(367,'awelcha6','vugt3TMCq','awelcha6@edublogs.org','Alice','Welch'),(368,'jgarciaa7','hh3Ov9BHRb','jgarciaa7@indiegogo.com','Julia','Garcia'),(369,'ndeana8','x7GGtyROTcBH','ndeana8@java.com','Nicholas','Dean'),(370,'ephillipsa9','BWnW3qzT','ephillipsa9@ucsd.edu','Eugene','Phillips'),(371,'ssimsaa','K80V9R','','Sara','Sims'),(372,'paustinab','ahMI7a4vM','paustinab@hugedomains.com','Peter','Austin'),(373,'hgreenac','BcWL0CkZ4','hgreenac@arstechnica.com','Howard','Green'),(374,'jwashingtonad','eFtE9L6C','jwashingtonad@redcross.org','Janet','Washington'),(375,'htaylorae','3UDZRXE','htaylorae@pinterest.com','Harry','Taylor'),(376,'rwelchaf','yfH0RkCx','rwelchaf@usgs.gov','Robert','Welch'),(377,'ahawkinsag','vckMiPpaVGnA','awoodag@rakuten.co.jp','Anthony','--UNKNOWN--'),(378,'rwatsonah','zoD8nedAshD','rwatsonah@wordpress.com','Robert','Watson'),(379,'fparkerai','1wtb4GKbnH','fthompsonai@dmoz.org','Frances','--UNKNOWN--'),(380,'rgonzalesaj','f3gtMjjU0J','rgonzalesaj@tiny.cc','Ralph','Gonzales'),(381,'klopezak','3oKeVLw','klopezak@redcross.org','Kathleen','Lopez'),(382,'jhudsonal','suYlPYe','jhudsonal@disqus.com','Jose','Hudson'),(383,'paustinam','EUO7LlphLpX','paustinam@blinklist.com','Phillip','Austin'),(384,'bjohnstonan','xk6LQi5QJz','bjohnstonan@weibo.com','Benjamin','Johnston'),(385,'rcarrollao','3rBG0E8H','rcarrollao@nydailynews.com','Russell','Carroll'),(386,'rgarrettap','2DngXBTRHq','rgarrettap@xinhuanet.com','Robert','Garrett'),(387,'ptuckeraq','YQK1rTGHCg','ptuckeraq@moonfruit.com','Pamela','Tucker'),(388,'wmeyerar','0Jqo4ZADu','wmeyerar@tuttocitta.it','Walter','Meyer'),(389,'ppattersonas','3uRoTXasZ','plarsonas@canalblog.com','Philip','--UNKNOWN--'),(390,'kwoodat','kIjCKli2Lpn','kwoodat@boston.com','Kathy','Wood'),(391,'tporterau','1qLfhFlUn','tporterau@deliciousdays.com','Timothy','Porter'),(392,'wstoneav','DkrB1Dao8ksu','wstoneav@indiatimes.com','Willie','Stone'),(393,'sgreeneaw','NEbYlQKiWeL','sgreeneaw@bbc.co.uk','Sarah','Greene'),(394,'tvasquezax','qH9FtPo0Ju','tperezax@slashdot.org','Tammy','--UNKNOWN--'),(395,'rcruzay','ELblmZ8P7B','rcruzay@acquirethisname.com','Ralph','Cruz'),(396,'jwalkeraz','pQ9Cysu','jwalkeraz@domainmarket.com','Johnny','Walker'),(397,'gaustinb0','cfHbdbBnd','gaustinb0@hhs.gov','George','Austin'),(398,'wfoxb1','yKQKjHALERYU','wfoxb1@dagondesign.com','Wayne','Fox'),(399,'lrichardsb2','r6WBmDi','lrichardsb2@dailymail.co.uk','Larry','Richards'),(400,'agrantb3','44I1im','agrantb3@netscape.com','Angela','Grant'),(401,'narnoldb4','3SDjksHt','narnoldb4@tinyurl.com','Nicholas','Arnold'),(402,'lkellyb5','NEG0eZvivg','lkellyb5@hibu.com','Louise','Kelly'),(403,'twagnerb6','GMAFgW','twagnerb6@nps.gov','Timothy','Wagner'),(404,'agarrettb7','YvVYOTY','agarrettb7@hatena.ne.jp','Ann','Garrett'),(405,'nortizb8','mgNLerEXH9P','nortizb8@zdnet.com','Norma','Ortiz'),(406,'cgardnerb9','ddqzNRT','cgardnerb9@opensource.org','Christine','Gardner'),(407,'dhayesba','HuTXgp','dcarrba@sitemeter.com','Diane','--UNKNOWN--'),(408,'jfieldsbb','HPLdybkWCKf','jfieldsbb@posterous.com','John','Fields'),(409,'sharrisonbc','x9L62JLzGn','sharrisonbc@upenn.edu','Shawn','Harrison'),(410,'dcruzbd','jhFmpgJDed','dcruzbd@creativecommons.org','Douglas','Cruz'),(411,'dreidbe','YH4iPaUYGF','dhayesbe@yale.edu','Debra','--UNKNOWN--'),(412,'amoorebf','QWKDFV','amoorebf@imgur.com','Alan','Moore'),(413,'ewillisbg','uP5HKuuvJ26i','ewillisbg@xing.com','Emily','Willis'),(414,'jthompsonbh','hQk0kA','jthompsonbh@macromedia.com','Jonathan','Thompson'),(415,'mlittlebi','wIJSK9OK0F','mlittlebi@webmd.com','Martin','Little'),(416,'sfowlerbj','1M4PSe6K','sfowlerbj@opensource.org','Samuel','Fowler'),(417,'bgarciabk','cOnffWACYs','bgarciabk@cdc.gov','Benjamin','Garcia'),(418,'cbanksbl','uQ3Uw8OJY2','cbanksbl@mac.com','Christina','Banks'),(419,'joliverbm','8boCi7sC','jramosbm@home.pl','Judy','--UNKNOWN--'),(420,'cmorenobn','DRrx6fIBy5Vl','cburkebn@arizona.edu','Christine','--UNKNOWN--'),(421,'amorganbo','8c9oDskzP','','Annie','Morgan'),(422,'nmedinabp','JYfNxKQy2EB','nmedinabp@free.fr','Nicole','Medina'),(423,'ffullerbq','4eBH3OGM','','Frank','Fuller'),(424,'jrobertsbr','hCWYokjOTpe','jrobertsbr@prnewswire.com','Joan','Roberts'),(425,'ahillbs','LLe53S9','awelchbs@hexun.com','Alan','--UNKNOWN--'),(426,'lramosbt','3NEPly8V','','Lillian','Ramos'),(427,'achavezbu','U5MusDM6fES','achavezbu@pagesperso-orange.fr','Alice','Chavez'),(428,'rhamiltonbv','LdqyAXT','rhamiltonbv@blinklist.com','Ruby','Hamilton'),(429,'rhowellbw','liwZc2RfN59','rhowellbw@taobao.com','Ronald','Howell'),(430,'chudsonbx','X1WxgmQ2o','','Carolyn','--UNKNOWN--'),(431,'agreenby','UEnbBnCJbC','agrantby@upenn.edu','Angela','--UNKNOWN--'),(432,'bgraybz','GEdljB','bmorenobz@netlog.com','Brian','--UNKNOWN--'),(433,'pjamesc0','7nG5g5GbqGTx','pjamesc0@myspace.com','Paula','James'),(434,'ttuckerc1','OIphjb','ttuckerc1@google.cn','Terry','Tucker'),(435,'ehenryc2','1MeBtaFq','ewatsonc2@de.vu','Eric','--UNKNOWN--'),(436,'hdixonc3','MUwlTR8HSH','hdixonc3@cdc.gov','Harold','Dixon'),(437,'jjacobsc4','r514iC','','Jimmy','Jacobs'),(438,'cnguyenc5','82YDqL','cnguyenc5@yahoo.com','Clarence','Nguyen'),(439,'kwilliamsonc6','Ra1xZngkrt','kwilliamsonc6@delicious.com','Kenneth','Williamson'),(440,'cwrightc7','J34pk5G2','cwrightc7@examiner.com','Carolyn','Wright'),(441,'jjenkinsc8','IVRFVF3fC','jjenkinsc8@webnode.com','Joyce','Jenkins'),(442,'dcoxc9','Cfjy0lAm1v','dcunninghamc9@wikimedia.org','Douglas','--UNKNOWN--'),(443,'cgarzaca','zl6J6MBrgE','cgarzaca@microsoft.com','Carol','Garza'),(444,'kharriscb','tOyxRzDH4e','kharriscb@theglobeandmail.com','Kelly','Harris'),(445,'amorrisoncc','1gXyQLth','amorrisoncc@wunderground.com','Adam','Morrison'),(446,'bburkecd','Tw7733o','bburkecd@friendfeed.com','Bobby','Burke'),(447,'lortizce','ZI5Bxto2Q','lrobertsonce@phpbb.com','Linda','--UNKNOWN--'),(448,'dsanchezcf','99fm5l','dsanchezcf@unc.edu','Denise','Sanchez'),(449,'dshawcg','p9JPo716Sr0D','dshawcg@google.es','Daniel','Shaw'),(450,'gmoralesch','HLNEpdcFKWek','gmoralesch@g.co','Gary','Morales'),(451,'lhallci','Qvp4i7ACtn','lhallci@tamu.edu','Louis','Hall'),(452,'ahernandezcj','7OHirIadB','aparkercj@webeden.co.uk','Anne','--UNKNOWN--'),(453,'mmasonck','lHm3E0','mmasonck@mediafire.com','Martin','Mason'),(454,'emccoycl','QtLsT5ERorfZ','emccoycl@dedecms.com','Emily','Mccoy'),(455,'dpalmercm','kDM7LiiY','dpalmercm@hhs.gov','David','Palmer'),(456,'sgarzacn','uXOFgEy','','Shawn','Garza'),(457,'lhicksco','0cCTfe60','lhicksco@i2i.jp','Lois','Hicks'),(458,'mjonescp','09irrhPTR2','mjonescp@nps.gov','Marie','Jones'),(459,'lmillscq','Kezl48','lmillscq@tumblr.com','Lori','Mills'),(460,'atuckercr','IUEEKe','','Adam','Tucker'),(461,'krogerscs','Fn0jaMr','krogerscs@meetup.com','Katherine','Rogers'),(462,'nhawkinsct','JL9Df6k','nhawkinsct@feedburner.com','Nicholas','Hawkins'),(463,'faustincu','h9IgrW4','faustincu@tumblr.com','Frank','Austin'),(464,'vlawrencecv','Vt7AzwdhZ','','Victor','Lawrence'),(465,'rblackcw','AbYnVbC4MDL','rblackcw@google.com.br','Robin','Black'),(466,'nknightcx','9WMaTyzjne1','nknightcx@cmu.edu','Nicholas','Knight'),(467,'slongcy','i8W6GIB1','spattersoncy@tuttocitta.it','Stephanie','--UNKNOWN--'),(468,'tdanielscz','Qgca37Q','tarnoldcz@netscape.com','Tina','--UNKNOWN--'),(469,'lhawkinsd0','3sP4zy','lhawkinsd0@plala.or.jp','Lillian','Hawkins'),(470,'mcarpenterd1','OpkQb9','mcarpenterd1@biblegateway.com','Melissa','Carpenter'),(471,'cpayned2','PeMFDOK','cpayned2@seattletimes.com','Carolyn','Payne'),(472,'sgarciad3','i5hz3e2J5','sgarciad3@phoca.cz','Samuel','Garcia'),(473,'mgrayd4','F1C0djNZkjYW','','Michael','Gray'),(474,'areynoldsd5','v5VG1DycMazg','areynoldsd5@issuu.com','Anna','Reynolds'),(475,'wboydd6','C374p5qh','','Walter','Boyd'),(476,'mmasond7','yd5cpzbejcR','','Marie','--UNKNOWN--'),(477,'tandrewsd8','JN8hOqj3mpwj','tandrewsd8@gmpg.org','Tina','Andrews'),(478,'cwelchd9','JnFGFP','cwelchd9@aboutads.info','Carol','Welch'),(479,'jfowlerda','DUWkBUnGBH3w','jgrahamda@t.co','Jeffrey','--UNKNOWN--'),(480,'hkellydb','dxmTfffa04gN','hreiddb@hugedomains.com','Harold','--UNKNOWN--'),(481,'gnelsondc','EQBBqrnfFSK','gnelsondc@europa.eu','Gary','Nelson'),(482,'jclarkdd','DAqj93','jclarkdd@amazon.co.jp','Judy','Clark'),(483,'rwatsonde','cGEr1IdC','rwatsonde@wsj.com','Ryan','Watson'),(484,'ahernandezdf','iBCizPx','ahernandezdf@noaa.gov','Albert','Hernandez'),(485,'nsnyderdg','d2Ry5GJ','nreeddg@wp.com','Nicole','--UNKNOWN--'),(486,'abryantdh','wxZc39G','abryantdh@cafepress.com','Anna','Bryant'),(487,'fjacksondi','cet8sAwC8V','fjacksondi@google.es','Frances','Jackson'),(488,'dmatthewsdj','m0273xL7Whj','dmatthewsdj@weibo.com','Diana','Matthews'),(489,'scooperdk','OXERlnkJB','swoodsdk@tmall.com','Shawn','--UNKNOWN--'),(490,'tfreemandl','iNLFgt9','tfreemandl@craigslist.org','Terry','Freeman'),(491,'bduncandm','iRbUwxE','bthomasdm@usatoday.com','Brenda','--UNKNOWN--'),(492,'bmasondn','PqKHWMQ7qNbc','','Bobby','--UNKNOWN--'),(493,'rporterdo','Jvvo8WrE','rporterdo@1688.com','Roger','Porter'),(494,'acoxdp','lsBJ1zVxZ','acoxdp@rambler.ru','Adam','Cox'),(495,'jellisdq','ftFvJEXLGl','jellisdq@unesco.org','Justin','Ellis'),(496,'rmarshalldr','Z4XhL3','rsandersdr@cnn.com','Roy','--UNKNOWN--'),(497,'jlarsonds','q1crX78gvd8','jlarsonds@google.com.au','Johnny','Larson'),(498,'jsnyderdt','7wBjli','jsnyderdt@sbwire.com','Janet','Snyder'),(499,'bnicholsdu','hQgw91xt5Sb7','bnicholsdu@wp.com','Billy','Nichols'),(500,'emccoydv','57vERM6hI8','emccoydv@oakley.com','Earl','Mccoy'),(501,'jjordandw','R6NFzD','jjordandw@zimbio.com','Janet','Jordan'),(502,'tduncandx','617EdrlH','tduncandx@reddit.com','Tammy','Duncan'),(503,'sgilbertdy','mbgVsc1iBht','sgilbertdy@simplemachines.org','Stephen','Gilbert'),(504,'tpetersdz','AiYdOJWpv0tc','tbradleydz@amazon.com','Tammy','--UNKNOWN--'),(505,'gwilsone0','Te6qE71saTD','','Gerald','--UNKNOWN--'),(506,'jlonge1','uJcxLvwZG','jlonge1@eepurl.com','Jose','Long'),(507,'cramose2','7a0eO2z5o7X','cberrye2@cocolog-nifty.com','Carol','--UNKNOWN--'),(508,'jriverae3','73GAFeuVRlS','jriverae3@unicef.org','Jennifer','Rivera'),(509,'dstewarte4','z2mn1Yf','dstewarte4@cdbaby.com','Diane','Stewart'),(510,'mkelleye5','iMCEEFHSsIEo','mkelleye5@drupal.org','Margaret','Kelley'),(511,'apetersone6','N4kNeXd3Tn','apetersone6@squarespace.com','Andrea','Peterson'),(512,'dperrye7','AMXV3Zdeua','dperrye7@over-blog.com','Debra','Perry'),(513,'probinsone8','XQvJFvBE8Hp','probinsone8@unesco.org','Pamela','Robinson'),(514,'jberrye9','2aGYXbEHoaza','jberrye9@senate.gov','Julia','Berry'),(515,'fhunterea','DhmL4nYG','fhunterea@yellowbook.com','Frances','Hunter'),(516,'awilliseb','jzLjvxFErBD','awilliseb@dailymotion.com','Anne','Willis'),(517,'shansenec','CVJgrHNLuJ7l','shansenec@cam.ac.uk','Shawn','Hansen'),(518,'lchapmaned','tuAj1eV1Ur5','lchapmaned@youku.com','Laura','Chapman'),(519,'gsanchezee','hca6dw','','Gary','Sanchez'),(520,'thowellef','BTIkAV2g','thowellef@cdc.gov','Todd','Howell'),(521,'pblackeg','qHLlOF','pblackeg@gizmodo.com','Paul','Black'),(522,'cbowmaneh','5MYURHH','cbowmaneh@paypal.com','Cynthia','Bowman'),(523,'ahillei','j9fWFXy','ahillei@answers.com','Amy','Hill'),(524,'bmorenoej','SmBnmwUQM','bmorenoej@macromedia.com','Bruce','Moreno'),(525,'jmccoyek','ZBS9AG','jmccoyek@google.fr','Jack','Mccoy'),(526,'jandersonel','mBC2ajggOh','jandersonel@house.gov','Judy','Anderson'),(527,'amarshallem','mV0j2w','','Alan','Marshall'),(528,'kburtonen','Ci4hBHCGWl1V','kburtonen@mozilla.org','Kelly','Burton'),(529,'astewarteo','goNsalFv5','astewarteo@artisteer.com','Anthony','Stewart'),(530,'bstanleyep','ZOFEnNemKdro','bstanleyep@trellian.com','Brian','Stanley'),(531,'wthomaseq','hwHHYP','wrobertsoneq@infoseek.co.jp','Willie','--UNKNOWN--'),(532,'acoxer','JVzGPkPGrzX','acoxer@taobao.com','Aaron','Cox'),(533,'dsimmonses','Ci1Gb4zxxa','dsimmonses@creativecommons.org','Donna','Simmons'),(534,'hcolemanet','NOcTr4iJxjpe','hcolemanet@exblog.jp','Henry','Coleman'),(535,'jfloreseu','n0JiA1EL8igY','jfloreseu@hatena.ne.jp','Jonathan','Flores'),(536,'mdeanev','tNpYuHcqKkWY','mhartev@taobao.com','Matthew','--UNKNOWN--'),(537,'ckelleyew','5vPZcs1L','ckelleyew@wp.com','Cynthia','Kelley'),(538,'aryanex','Rq7YRp9CIC','aryanex@taobao.com','Annie','Ryan'),(539,'dmurphyey','ezHCYDCGOe','dyoungey@gizmodo.com','Douglas','--UNKNOWN--'),(540,'tdanielsez','vx4QrMLUja','tellisez@marriott.com','Todd','--UNKNOWN--'),(541,'ascottf0','IvGaVn8','','Anna','--UNKNOWN--'),(542,'acoxf1','6O2AkIGs','aaustinf1@mayoclinic.com','Aaron','--UNKNOWN--'),(543,'harmstrongf2','4V49mv5','harmstrongf2@feedburner.com','Harold','Armstrong'),(544,'dkimf3','muZvTVijs','dkimf3@sfgate.com','Denise','Kim'),(545,'cgutierrezf4','RRQuyMG','cgutierrezf4@hostgator.com','Christine','Gutierrez'),(546,'mfullerf5','jp9VzTwQ7iN','mfullerf5@shutterfly.com','Mark','Fuller'),(547,'swardf6','4WlvbEKYE','sgutierrezf6@weibo.com','Stephen','--UNKNOWN--'),(548,'awilsonf7','BlML1hK','awilsonf7@huffingtonpost.com','Anna','Wilson'),(549,'pruizf8','DmpDzgnvK0','pcrawfordf8@blogspot.com','Peter','--UNKNOWN--'),(550,'lpattersonf9','p1L8JDpljd','lpattersonf9@twitter.com','Lois','Patterson'),(551,'jpaynefa','7fCDvYrMkq','jhenryfa@wordpress.com','Jonathan','--UNKNOWN--'),(552,'karnoldfb','1GlSFkV','','Kelly','Arnold'),(553,'jrobertsonfc','7Oijyqzkn8Hp','','Judith','--UNKNOWN--'),(554,'gramosfd','0rnT35L1','gramosfd@smugmug.com','Gerald','Ramos'),(555,'tolsonfe','iBsaDbmzN0x','tolsonfe@infoseek.co.jp','Theresa','Olson'),(556,'thansonff','bYLRNkO','thansonff@nytimes.com','Theresa','Hanson'),(557,'athomasfg','xFRUTB4LU','ajordanfg@netscape.com','Ann','--UNKNOWN--'),(558,'ckelleyfh','8aQ9MtDop','ckelleyfh@army.mil','Craig','Kelley'),(559,'jdiazfi','K5tOVVmOcm4W','jmoorefi@bloglines.com','Judy','--UNKNOWN--'),(560,'tperryfj','EVntXbQANMt','tperryfj@phpbb.com','Tammy','Perry'),(561,'mharperfk','95WgdcX7yKQ','mharperfk@unc.edu','Michelle','Harper'),(562,'lwoodfl','HuQX8R4h','','Lawrence','--UNKNOWN--'),(563,'cgibsonfm','1m8WlrlxoF','cgibsonfm@pbs.org','Catherine','Gibson'),(564,'jevansfn','bYCwqXs','jsmithfn@seattletimes.com','Janice','--UNKNOWN--'),(565,'rsullivanfo','8ag7M67q','rsullivanfo@ibm.com','Ruby','Sullivan'),(566,'pduncanfp','wHkVcM8LU7e','pduncanfp@senate.gov','Patrick','Duncan'),(567,'scruzfq','qHn4lbHZaE','','Sara','Cruz'),(568,'gbradleyfr','oYWK7Lf5s','gbradleyfr@homestead.com','Gary','Bradley'),(569,'rfieldsfs','i46uExl','rfieldsfs@ebay.co.uk','Rose','Fields'),(570,'tbennettft','A4FBXGCiXL','tbennettft@java.com','Todd','Bennett'),(571,'gtaylorfu','reyoIUIA3o','gtaylorfu@icio.us','Gerald','Taylor'),(572,'mbarnesfv','Q24TLobUGN','mbarnesfv@blog.com','Michelle','Barnes'),(573,'hcrawfordfw','wle7Xg','','Helen','Crawford'),(574,'jwagnerfx','zSLcEpX9qD','jwagnerfx@booking.com','Julia','Wagner'),(575,'rmurrayfy','jZK6TZSHJBdo','rmurrayfy@lulu.com','Rachel','Murray'),(576,'lhowellfz','cBzevo3YCmQS','lhowellfz@fotki.com','Lawrence','Howell'),(577,'plawsong0','1PanKabs','plawsong0@yellowbook.com','Philip','Lawson'),(578,'aharperg1','navuQSVPK','aharperg1@domainmarket.com','Andrew','Harper'),(579,'emontgomeryg2','ObIQfwExlIvm','emontgomeryg2@sciencedirect.com','Emily','Montgomery'),(580,'spattersong3','p9vkzvd0XCy','spattersong3@pbs.org','Shawn','Patterson'),(581,'mpetersong4','lq0YkjqDN','mpetersong4@illinois.edu','Melissa','Peterson'),(582,'csimsg5','ykcuFfB5fih','csimsg5@japanpost.jp','Craig','Sims'),(583,'ldunng6','Cu088P62qB','ljamesg6@seesaa.net','Lois','--UNKNOWN--'),(584,'sromerog7','C6ayWW9bg','sromerog7@mac.com','Steve','Romero'),(585,'ajordang8','DSSpqxGJf19','ajordang8@dagondesign.com','Alan','Jordan'),(586,'jwarreng9','ehyv5NgtOr','jwarreng9@netlog.com','Julia','Warren'),(587,'tvasquezga','vMVB7ktY','tvasquezga@dion.ne.jp','Terry','Vasquez'),(588,'prosegb','myGV8K','phowellgb@noaa.gov','Peter','--UNKNOWN--'),(589,'plarsongc','G3GFwVsv2o1','plarsongc@wsj.com','Patrick','Larson'),(590,'jhansengd','upPBfcSO','jhansengd@businesswire.com','Joshua','Hansen'),(591,'jlongge','fXtTIAs2px','jlongge@wikipedia.org','John','Long'),(592,'rcunninghamgf','ih5Mp6sFN3HS','rcunninghamgf@liveinternet.ru','Ruby','Cunningham'),(593,'dcruzgg','ZmPqjk','','Douglas','Cruz'),(594,'amccoygh','acTBARm1X0cd','','Annie','Mccoy'),(595,'gfordgi','Z8hV3jiJVu','gfordgi@amazon.co.uk','Gary','Ford'),(596,'lwhitegj','bIQVDIPlN','lwhitegj@goo.gl','Lori','White'),(597,'gwebbgk','FVe0yC','gwebbgk@newsvine.com','Gloria','Webb'),(598,'nfieldsgl','PpCPek5RHq','nmurraygl@bbb.org','Nancy','--UNKNOWN--'),(599,'kperrygm','NsKMwbh1YPkl','kcastillogm@moonfruit.com','Kevin','--UNKNOWN--'),(600,'egonzalesgn','p5iLc8KUvitq','ewatsongn@google.it','Earl','--UNKNOWN--'),(601,'rgrantgo','348CrixO8','rsimmonsgo@archive.org','Richard','--UNKNOWN--'),(602,'sricegp','dFovSE1B','sricegp@tinypic.com','Scott','Rice'),(603,'cwellsgq','BK3cwZlroWuc','cwellsgq@ovh.net','Christine','Wells'),(604,'abellgr','nFQkBrZV','alawsongr@npr.org','Arthur','--UNKNOWN--'),(605,'rruizgs','kTX2VE4','rruizgs@utexas.edu','Robin','Ruiz'),(606,'wburkegt','gvnRfY0ie','wburkegt@huffingtonpost.com','Walter','Burke'),(607,'ncolegu','WQc5sP','ncolegu@google.ru','Nicholas','Cole'),(608,'chawkinsgv','wna2TAUEQ','chawkinsgv@epa.gov','Carol','Hawkins'),(609,'ecolemangw','9WLyp9APLe0','ecolemangw@berkeley.edu','Earl','Coleman'),(610,'ewilsongx','s11ZYMn','ehuntergx@vkontakte.ru','Eric','--UNKNOWN--'),(611,'amasongy','ubqubl','aarmstronggy@surveymonkey.com','Alan','--UNKNOWN--'),(612,'wrobinsongz','niKzR9r','wrobinsongz@ameblo.jp','Wanda','Robinson'),(613,'rrussellh0','ENPtq010N','rwebbh0@shareasale.com','Richard','--UNKNOWN--'),(614,'brichardsonh1','EMTfmrW','brichardsonh1@lulu.com','Benjamin','Richardson'),(615,'sreedh2','5Zu9PRsQy','sreedh2@simplemachines.org','Sandra','Reed'),(616,'bcruzh3','fuvAhs2KE','bcruzh3@umich.edu','Betty','Cruz'),(617,'jjordanh4','RmH4JVI','jjordanh4@qq.com','Joseph','Jordan'),(618,'eperryh5','glz0pB','eperryh5@rambler.ru','Elizabeth','Perry'),(619,'lmurphyh6','vy4ALr4BHdBm','lmurphyh6@tripadvisor.com','Lori','Murphy'),(620,'nsandersh7','h3ocqjFW','nsandersh7@businessweek.com','Nicholas','Sanders'),(621,'agordonh8','DKKRJu','aowensh8@miitbeian.gov.cn','Angela','--UNKNOWN--'),(622,'jpetersonh9','wpTPbxchkLK','jpetersonh9@typepad.com','Joyce','Peterson'),(623,'aleeha','lNMbBUNyHr','aleeha@dedecms.com','Annie','Lee'),(624,'jjameshb','ZD2AKM','jwhitehb@zimbio.com','Jeremy','--UNKNOWN--'),(625,'dporterhc','E3xrlK','dporterhc@geocities.com','Dorothy','Porter'),(626,'wallenhd','3SbxZUImt0YP','wallenhd@plala.or.jp','Wanda','Allen'),(627,'scruzhe','JEz6JdM','scruzhe@newyorker.com','Sarah','Cruz'),(628,'kcarterhf','vyCIuFMKoZG','kcarterhf@hibu.com','Kathryn','Carter'),(629,'gporterhg','Z2xk1OuGN','gbryanthg@nytimes.com','Gregory','--UNKNOWN--'),(630,'smartinezhh','oPzmqQNsS8N','','Scott','Martinez'),(631,'rdeanhi','MysGb0','rdeanhi@unesco.org','Randy','Dean'),(632,'bharthj','bGB7QDr','blittlehj@umn.edu','Bruce','--UNKNOWN--'),(633,'cfoxhk','3nWwkPB','','Cheryl','Fox'),(634,'fmoraleshl','05NjLjQ','fmoraleshl@dot.gov','Fred','Morales'),(635,'jdixonhm','fgRBZp4qOL','jdixonhm@thetimes.co.uk','Jeffrey','Dixon'),(636,'kharperhn','yf0bQSveyFz','kharperhn@oakley.com','Katherine','Harper'),(637,'bmarshallho','SsBvkuLUstIs','','Brenda','Marshall'),(638,'jmorganhp','h9l1f1qjYk','jmorganhp@live.com','Johnny','Morgan'),(639,'spetersonhq','2CFaXb','spetersonhq@macromedia.com','Sarah','Peterson'),(640,'kcunninghamhr','DNal5xCQj8Ej','kcunninghamhr@sina.com.cn','Kathryn','Cunningham'),(641,'randrewshs','3lqlIHHaH','randrewshs@paginegialle.it','Rose','Andrews'),(642,'moliverht','s2zkOF7NDuo','mramirezht@miitbeian.gov.cn','Margaret','--UNKNOWN--'),(643,'mlanehu','kGdNHNMUoSN','mgarretthu@dropbox.com','Marilyn','--UNKNOWN--'),(644,'rjordanhv','lOaICDt7a','rjordanhv@imgur.com','Robin','Jordan'),(645,'mdiazhw','cKVfhyMPUWV','mdiazhw@diigo.com','Martin','Diaz'),(646,'kbellhx','8d5BBOm8VQ','kbellhx@histats.com','Keith','Bell'),(647,'rperryhy','79SOm9kVZ','rperryhy@youtu.be','Roy','Perry'),(648,'fgreenehz','bFKCJSwM','fmartinhz@4shared.com','Frances','--UNKNOWN--'),(649,'shanseni0','QCQveQZWuYZ','','Sara','Hansen'),(650,'eperkinsi1','Ng4hiMYB4','eperkinsi1@prweb.com','Elizabeth','Perkins'),(651,'fsimmonsi2','uZrR6Yh2Eax','','Frances','Simmons'),(652,'jadamsi3','SlF12Rd','jadamsi3@ning.com','Jeffrey','Adams'),(653,'jyoungi4','Z3fUapL','jyoungi4@va.gov','Julia','Young'),(654,'eharrisi5','aEychBx5h','','Evelyn','Harris'),(655,'dsimsi6','3401DepEVVV','','Diane','Sims'),(656,'caustini7','AjwxuRwve2','caustini7@army.mil','Catherine','Austin'),(657,'ptaylori8','pTDyVu','pfisheri8@so-net.ne.jp','Paula','--UNKNOWN--'),(658,'ssimsi9','W3plvt9djz','','Sarah','Sims'),(659,'mnelsonia','tc8E8zZBN','mdayia@vinaora.com','Margaret','--UNKNOWN--'),(660,'kweaverib','quQlw043D','kweaverib@ibm.com','Kenneth','Weaver'),(661,'jcarteric','Nr6yxiQfkm','jcarteric@seesaa.net','Jeffrey','Carter'),(662,'dknightid','P1PGMGB','dalvarezid@pagesperso-orange.fr','Debra','--UNKNOWN--'),(663,'enelsonie','5TnC5O','enelsonie@weather.com','Elizabeth','Nelson'),(664,'creidif','CurUaN','cgilbertif@netvibes.com','Cheryl','--UNKNOWN--'),(665,'cfranklinig','gjMkkE530eo','cfranklinig@yahoo.co.jp','Cheryl','Franklin'),(666,'sreynoldsih','7hLwuaaT8g','sgarciaih@gizmodo.com','Sara','--UNKNOWN--'),(667,'llewisii','vH4n0bPc1ocR','llewisii@boston.com','Linda','Lewis'),(668,'sfullerij','T4ZWN6exM45','sfullerij@umich.edu','Sean','Fuller'),(669,'jparkerik','GkOUVcsfyj1w','jparkerik@abc.net.au','Janice','Parker'),(670,'ajamesil','BYsztIhbn','ajamesil@acquirethisname.com','Alan','James'),(671,'nortizim','i9mgiew1wRrt','nortizim@google.fr','Nicole','Ortiz'),(672,'pphillipsin','pkVABYVy5up','pjenkinsin@state.tx.us','Patrick','--UNKNOWN--'),(673,'grichardsonio','xYK2nZFr','grichardsonio@soundcloud.com','George','Richardson'),(674,'hmasonip','ugdJJBEKJ','hmasonip@engadget.com','Harold','Mason'),(675,'amontgomeryiq','ll8lcBO6IW6s','amontgomeryiq@slate.com','Albert','Montgomery'),(676,'rarnoldir','SqR4rhlmOt8H','rarnoldir@narod.ru','Russell','Arnold'),(677,'hbakeris','keev1BJQlmU','hbakeris@xinhuanet.com','Heather','Baker'),(678,'pgilbertit','mcn6zFgm6','pgilbertit@foxnews.com','Phillip','Gilbert'),(679,'kcarrolliu','wkcB734Fst2','kcarrolliu@printfriendly.com','Kathy','Carroll'),(680,'dwagneriv','2nwshF0sJ','dgomeziv@alibaba.com','Douglas','--UNKNOWN--'),(681,'swalkeriw','70zeHAMHWy','swalkeriw@php.net','Sarah','Walker'),(682,'adayix','iagI9zObOwT','adayix@globo.com','Alice','Day'),(683,'jgrahamiy','81x0GbWKir','jmoralesiy@arstechnica.com','Joshua','--UNKNOWN--'),(684,'edavisiz','ACsA9Q5dMW','edavisiz@illinois.edu','Eugene','Davis'),(685,'selliottj0','JtWsks9','selliottj0@deviantart.com','Sarah','Elliott'),(686,'mburnsj1','XstXqy13','mburnsj1@unblog.fr','Maria','Burns'),(687,'bbennettj2','iEHUc3eLp','bbennettj2@eventbrite.com','Barbara','Bennett'),(688,'jhowardj3','iFzPNectEBG','jhowardj3@google.com.br','Jesse','Howard'),(689,'pgriffinj4','3mgQx4oWcix','pgriffinj4@simplemachines.org','Paul','Griffin'),(690,'drogersj5','wXSCPJITNVf','dmorenoj5@aboutads.info','Deborah','--UNKNOWN--'),(691,'cgreenej6','IXJ9gzs3i','cgreenej6@blinklist.com','Christina','Greene'),(692,'galvarezj7','W3UUna','gharrisj7@phoca.cz','Gregory','--UNKNOWN--'),(693,'pbrooksj8','ec2fqMKy','pbrooksj8@live.com','Paul','Brooks'),(694,'pdunnj9','2HHWseyT','pdunnj9@xrea.com','Philip','Dunn'),(695,'sgordonja','ISCqRfxoi1','sgrayja@ow.ly','Sharon','--UNKNOWN--'),(696,'pfisherjb','cNDYSuGjs8','pfisherjb@yolasite.com','Patricia','Fisher'),(697,'chawkinsjc','tlcgxzANJSjC','','Carlos','Hawkins'),(698,'nolsonjd','0lWC3W','nthomasjd@wunderground.com','Nancy','--UNKNOWN--'),(699,'ajonesje','jBq9wsgqe','ajonesje@themeforest.net','Ann','Jones'),(700,'lphillipsjf','4Pg105','lphillipsjf@mac.com','Lois','Phillips'),(701,'pryanjg','eZ9YCsrgnNz','pryanjg@51.la','Phyllis','Ryan'),(702,'kshawjh','Jo1AjyICdI6','kshawjh@blog.com','Kimberly','Shaw'),(703,'brodriguezji','2JvY4I04mN','brodriguezji@utexas.edu','Bruce','Rodriguez'),(704,'eharveyjj','fXfMGliJHVpp','efosterjj@parallels.com','Elizabeth','--UNKNOWN--'),(705,'cmorrisjk','VJ5iYlCU27Ug','cmorrisjk@jiathis.com','Cheryl','Morris'),(706,'msimmonsjl','dG3cHnOWr6M','msimmonsjl@google.nl','Michael','Simmons'),(707,'jhansonjm','PtNyKjvnO','jhansonjm@yellowpages.com','Joseph','Hanson'),(708,'shicksjn','aIudAL0','shicksjn@usnews.com','Scott','Hicks'),(709,'dspencerjo','Q3byTJNq','','Dorothy','--UNKNOWN--'),(710,'nhowelljp','ZfMX4jhk1u','nhowelljp@auda.org.au','Nicole','Howell'),(711,'revansjq','wgBOheRC8S','revansjq@quantcast.com','Russell','Evans'),(712,'lmccoyjr','Ie2QWpH','lmccoyjr@sphinn.com','Lori','Mccoy'),(713,'rnelsonjs','TXlOwlw3yF8g','rnelsonjs@csmonitor.com','Rebecca','Nelson'),(714,'nhansenjt','p2IJHm','nmitchelljt@skype.com','Nicholas','--UNKNOWN--'),(715,'amccoyju','jAYniCQCYSpE','amccoyju@macromedia.com','Alice','Mccoy'),(716,'cgonzalezjv','xPiirE','cgonzalezjv@amazonaws.com','Christopher','Gonzalez'),(717,'gpaynejw','ohHB8bF','','Gloria','Payne'),(718,'afergusonjx','rw3wHhuIV3','afergusonjx@discovery.com','Aaron','Ferguson'),(719,'nmedinajy','uvQhN8iUOH','ncoxjy@vk.com','Nicholas','--UNKNOWN--'),(720,'srobertsjz','AEFFO1iSO4','srobertsjz@youtube.com','Scott','Roberts'),(721,'jreidk0','mWRveWtdzq','','Joshua','--UNKNOWN--'),(722,'jalexanderk1','a0RZ6td36I6i','jcarrollk1@people.com.cn','James','--UNKNOWN--'),(723,'lwebbk2','KzUNb7i','llongk2@xinhuanet.com','Lawrence','--UNKNOWN--'),(724,'mmendozak3','IEmFSL','mmendozak3@newsvine.com','Martin','Mendoza'),(725,'cfloresk4','3QWshr2hg','cfloresk4@businessweek.com','Carol','Flores'),(726,'swardk5','pw33wBvCjxpi','','Sean','Ward'),(727,'ccastillok6','uXDMq50','ccastillok6@marriott.com','Clarence','Castillo'),(728,'lperezk7','ue32arKJi','lperezk7@europa.eu','Larry','Perez'),(729,'hfosterk8','L92NJL4YOz1','hfosterk8@dion.ne.jp','Harold','Foster'),(730,'lowensk9','PLmWQsW','lowensk9@linkedin.com','Lisa','Owens'),(731,'sboydka','jrzDPP0wJ','sboydka@devhub.com','Steven','Boyd'),(732,'edunnkb','rxDq28gnNr4','edunnkb@clickbank.net','Eugene','Dunn'),(733,'slawrencekc','VxV4W0','','Sarah','Lawrence'),(734,'mlewiskd','jD4zdI','mmorriskd@nature.com','Michelle','--UNKNOWN--'),(735,'jwelchke','3HTWNP6cLB','jwelchke@oracle.com','Jeremy','Welch'),(736,'aknightkf','IWoxSHMAFx','aknightkf@blinklist.com','Alan','Knight'),(737,'dkelleykg','JLlDGvq6xr','dkelleykg@phpbb.com','Dorothy','Kelley'),(738,'sgreenkh','QCPAL1h7Wfl','sgreenkh@dyndns.org','Steven','Green'),(739,'cscottki','OkQ8DZHI','cscottki@miitbeian.gov.cn','Carol','Scott'),(740,'rmyerskj','w54ft2X7','rmyerskj@weather.com','Richard','Myers'),(741,'wfergusonkk','U4t5YGcWcz4','wfergusonkk@odnoklassniki.ru','Willie','Ferguson'),(742,'jalvarezkl','FxZpcTpx','jalvarezkl@jugem.jp','Jeffrey','Alvarez'),(743,'dcunninghamkm','mAopWA','dcunninghamkm@privacy.gov.au','Douglas','Cunningham'),(744,'harmstrongkn','lvbhkd95C','harmstrongkn@google.com','Harry','Armstrong'),(745,'dchavezko','8lWLiS1','dchavezko@drupal.org','David','Chavez'),(746,'lhallkp','nuF6lWvEgx','lhallkp@tuttocitta.it','Lori','Hall'),(747,'egarrettkq','XEVOAd','egarrettkq@hibu.com','Eugene','Garrett'),(748,'dmeyerkr','AAs5lRZTep9R','dvasquezkr@creativecommons.org','Daniel','--UNKNOWN--'),(749,'tramirezks','HIEmK2ov','tramirezks@marketwatch.com','Tammy','Ramirez'),(750,'bhawkinskt','NiNR5iK','bhawkinskt@geocities.jp','Bruce','Hawkins'),(751,'astevensku','wx6rwb9','astevensku@walmart.com','Anne','Stevens'),(752,'harnoldkv','FN2yo5gB','hgarciakv@purevolume.com','Harry','--UNKNOWN--'),(753,'pshawkw','VxfQomntFV','pshawkw@psu.edu','Paul','Shaw'),(754,'jleekx','gq15xFh','jsullivankx@jiathis.com','Janet','--UNKNOWN--'),(755,'shuntky','8kiV30b','shuntky@washingtonpost.com','Samuel','Hunt'),(756,'breidkz','S2D4L3','breidkz@mayoclinic.com','Brian','Reid'),(757,'jgarzal0','KBEbDXFQ','jgarzal0@reddit.com','Jonathan','Garza'),(758,'kfrazierl1','sKNwSr8EgQ','kfrazierl1@elegantthemes.com','Kevin','Frazier'),(759,'aalexanderl2','zCKdbv4QnUh','aalexanderl2@ask.com','Antonio','Alexander'),(760,'cgeorgel3','twURjEph8L','chernandezl3@technorati.com','Cheryl','--UNKNOWN--'),(761,'ahenryl4','shY4k92SZrW','ahenryl4@vistaprint.com','Anne','Henry'),(762,'bmitchelll5','FR1KAJ','bparkerl5@cargocollective.com','Beverly','--UNKNOWN--'),(763,'mkellyl6','DD6XTYD','moliverl6@ebay.com','Martha','--UNKNOWN--'),(764,'hmurrayl7','LFfpO1ikUeU','hmurrayl7@state.tx.us','Harold','Murray'),(765,'pgeorgel8','sXj6FZw','pgeorgel8@jalbum.net','Phyllis','George'),(766,'kryanl9','MbD3Yz','kpattersonl9@nasa.gov','Kenneth','--UNKNOWN--'),(767,'aandersonla','DfWmccffqy','awarrenla@umich.edu','Anthony','--UNKNOWN--'),(768,'dfordlb','rQQQifWwoT','dfordlb@noaa.gov','Daniel','Ford'),(769,'estephenslc','tDW3Iqc0lM5','estephenslc@vk.com','Emily','Stephens'),(770,'wmasonld','KvnyyDg','wwheelerld@shinystat.com','Walter','--UNKNOWN--'),(771,'dkimle','eTwK3D7bQk','dkimle@senate.gov','Diane','Kim'),(772,'jmcdonaldlf','aYvesLU','jwilliamslf@cocolog-nifty.com','Judy','--UNKNOWN--'),(773,'jfoxlg','q0xJWYza9x','jfoxlg@fda.gov','Jack','Fox'),(774,'mcooklh','4B6evrD','mcooklh@mysql.com','Matthew','Cook'),(775,'jgonzalesli','u3LCUeVPrGc','jgonzalesli@homestead.com','John','Gonzales'),(776,'rspencerlj','jeR0KZmV','rspencerlj@chronoengine.com','Ruth','Spencer'),(777,'kjohnstonlk','GKXYSv1ki','kjohnstonlk@facebook.com','Kimberly','Johnston'),(778,'mharveyll','tGt1Llh','','Maria','Harvey'),(779,'tburkelm','DYPdw5XrqSM','tburkelm@sohu.com','Todd','Burke'),(780,'pfergusonln','WvZm9npe','pfergusonln@bbb.org','Paul','Ferguson'),(781,'eroselo','DvHPB7DRCWnP','eroselo@usa.gov','Elizabeth','Rose'),(782,'dalvarezlp','9oQbnJBkE5h0','dhayeslp@joomla.org','Diana','--UNKNOWN--'),(783,'jpattersonlq','NMW1UQZ','','Jesse','Patterson'),(784,'cholmeslr','JjVibcvpSTP','cromerolr@comcast.net','Charles','--UNKNOWN--'),(785,'showardls','pSdohoTf','showardls@telegraph.co.uk','Sean','Howard'),(786,'mharrisonlt','1KHP5VhJ1H9','','Matthew','Harrison'),(787,'hmoorelu','Y1pfEwPK','','Heather','--UNKNOWN--'),(788,'hgarzalv','OxyrXnlec3x','hgarzalv@usa.gov','Heather','Garza'),(789,'lsimpsonlw','cAkkUjvRzS','','Lois','--UNKNOWN--'),(790,'rpalmerlx','l6sXeQUN','rmcdonaldlx@diigo.com','Rose','--UNKNOWN--'),(791,'rpowellly','3ncFl5Mo','','Ruby','Powell'),(792,'gricelz','nyqLo0l','gricelz@ask.com','George','Rice'),(793,'mperezm0','X6vQVcr','','Martha','Perez'),(794,'jharveym1','r7R4gtS','jharveym1@intel.com','Jennifer','Harvey'),(795,'cstonem2','4MedvtLj','cstonem2@cnn.com','Christine','Stone'),(796,'ewoodm3','4oQKuwTE','ewoodm3@timesonline.co.uk','Evelyn','Wood'),(797,'hpattersonm4','iHNEFN','hpattersonm4@123-reg.co.uk','Harold','Patterson'),(798,'bpetersonm5','nmpu1CdyQXf9','bfernandezm5@geocities.jp','Bruce','--UNKNOWN--'),(799,'trileym6','5Sav7Wgw','trileym6@bandcamp.com','Todd','Riley'),(800,'adanielsm7','gibivq65','ahendersonm7@skype.com','Amy','--UNKNOWN--'),(801,'phunterm8','0Ecl0F8o','phunterm8@vkontakte.ru','Peter','Hunter'),(802,'jgarzam9','5kl1RBFX','jgarzam9@mayoclinic.com','Jeffrey','Garza'),(803,'rjonesma','rV9tvZc','','Raymond','Jones'),(804,'jfordmb','MplJXKzom','jfordmb@amazon.de','Joan','Ford'),(805,'tlarsonmc','01G2dQ','tlarsonmc@aboutads.info','Tina','Larson'),(806,'cwagnermd','9rzzl4mJZ','cwagnermd@senate.gov','Chris','Wagner'),(807,'cramosme','P6BIPigi','cramosme@sphinn.com','Carl','Ramos'),(808,'phughesmf','1ru0y0Q7a6z','pramosmf@exblog.jp','Paul','--UNKNOWN--'),(809,'dhawkinsmg','zYl5NDLDR13n','dfostermg@mysql.com','Diana','--UNKNOWN--'),(810,'sduncanmh','5GnRIx','sduncanmh@tinypic.com','Samuel','Duncan'),(811,'jhuntmi','YGZ4ZLp','jhuntmi@earthlink.net','Jeremy','Hunt'),(812,'pschmidtmj','QTdZgFW64','pschmidtmj@posterous.com','Phillip','Schmidt'),(813,'jpiercemk','31UD7a4I','jpiercemk@squidoo.com','Julie','Pierce'),(814,'bjohnstonml','uJXMiCnP','','Brenda','Johnston'),(815,'jknightmm','rrfqZBck','jknightmm@qq.com','Jeremy','Knight'),(816,'jportermn','YYbrzuWY','jportermn@hugedomains.com','Justin','Porter'),(817,'criveramo','IcD9j9T2pbm','criveramo@bing.com','Carl','Rivera'),(818,'ajonesmp','FSqIN83AVs29','ajonesmp@theguardian.com','Andrew','Jones'),(819,'bdixonmq','DbmmyZql3iX','bdixonmq@google.ca','Brian','Dixon'),(820,'gthompsonmr','GUqKx4','gthompsonmr@eepurl.com','Gloria','Thompson'),(821,'gsmithms','pMPois1','gsmithms@naver.com','George','Smith'),(822,'pstevensmt','TUldFkNsC','pstevensmt@cafepress.com','Paul','Stevens'),(823,'mturnermu','OdTcJtL0','mturnermu@taobao.com','Mildred','Turner'),(824,'tarnoldmv','SRfaNJ','tarnoldmv@exblog.jp','Teresa','Arnold'),(825,'csullivanmw','4vUgyRX4akxV','csullivanmw@vinaora.com','Carl','Sullivan'),(826,'gbaileymx','SYpS5v14t','gbaileymx@ibm.com','George','Bailey'),(827,'jgeorgemy','HLHROcfhV5','jgeorgemy@naver.com','Julie','George'),(828,'jmillsmz','OZBdUMoSpmJ','jmillsmz@mac.com','Jason','Mills'),(829,'jmitchelln0','iz1ikrMe','jmitchelln0@google.de','Johnny','Mitchell'),(830,'pcoopern1','DmZjlXm','pcoopern1@berkeley.edu','Phyllis','Cooper'),(831,'dallenn2','eEQs9faHz','dramirezn2@mozilla.org','Denise','--UNKNOWN--'),(832,'jgutierrezn3','2vSmLsAj','jgutierrezn3@smh.com.au','Jimmy','Gutierrez'),(833,'mportern4','qZY7sV0wgO','mhendersonn4@google.com.hk','Mark','--UNKNOWN--'),(834,'nortizn5','q3yHRGM','nortizn5@imdb.com','Nancy','Ortiz'),(835,'sdavisn6','9x7UnqKMV','sdavisn6@goo.gl','Sarah','Davis'),(836,'jolsonn7','N5p7rW','jhalln7@cpanel.net','Julia','--UNKNOWN--'),(837,'vharpern8','9ZPqeJ','vharpern8@umn.edu','Virginia','Harper'),(838,'alopezn9','9csJmMTMgZ','acookn9@qq.com','Andrew','--UNKNOWN--'),(839,'jweaverna','sZejOMp6ht','','Janet','Weaver'),(840,'ckingnb','9pApZU5cJ','ckingnb@engadget.com','Cheryl','King'),(841,'sgreennc','14yL1WF7','','Steve','Green'),(842,'pmartinnd','EHvfqk','pmartinnd@i2i.jp','Paula','Martin'),(843,'hkingne','4kMksD7tuo','hparkerne@netscape.com','Helen','--UNKNOWN--'),(844,'swilliamsonnf','6dP11SD','swilliamsonnf@cyberchimps.com','Stephanie','Williamson'),(845,'sphillipsng','4mCjd0o2Vh3','sphillipsng@mozilla.org','Susan','Phillips'),(846,'jharrisnh','gCGM2L','jharrisnh@geocities.com','John','Harris'),(847,'pparkerni','ZqIDSO2N0gZ','pkellyni@virginia.edu','Peter','--UNKNOWN--'),(848,'tlarsonnj','VNKVxLxUY','tlarsonnj@bravesites.com','Theresa','Larson'),(849,'trobertsnk','9gyFAg','trobertsnk@123-reg.co.uk','Theresa','Roberts'),(850,'ldaynl','1m1KA2Q','','Linda','Day'),(851,'jhunternm','2J9OAaiz','jhunternm@typepad.com','Jesse','Hunter'),(852,'rbrooksnn','nG6RwWgS','radamsnn@etsy.com','Ralph','--UNKNOWN--'),(853,'djacobsno','jLq9euWRwlob','djacobsno@yahoo.co.jp','Daniel','Jacobs'),(854,'jedwardsnp','cd4MYQ6f79G','jtaylornp@mapy.cz','Joan','--UNKNOWN--'),(855,'pandrewsnq','1SHVirl','pandrewsnq@newsvine.com','Philip','Andrews'),(856,'lwardnr','P1T8c9tvzV7X','lfraziernr@hud.gov','Lisa','--UNKNOWN--'),(857,'gwhitens','XWM4VPX8oS','gwhitens@shutterfly.com','Gloria','White'),(858,'lriverant','mLTiXIh6MIoe','lriverant@a8.net','Lois','Rivera'),(859,'trobertsnu','lghbs1NFT3','tgomeznu@t-online.de','Tina','--UNKNOWN--'),(860,'cpricenv','4cCd4x7GRY','cpricenv@about.com','Cynthia','Price'),(861,'rhendersonnw','QP6yoho4nm','rfishernw@phpbb.com','Ralph','--UNKNOWN--'),(862,'vrogersnx','dbdULFbEq','vrogersnx@harvard.edu','Victor','Rogers'),(863,'sandrewsny','LMommdJcoY','sandrewsny@ucla.edu','Shawn','Andrews'),(864,'tmillsnz','DWKQCirFvw','tmillsnz@facebook.com','Teresa','Mills'),(865,'mmyerso0','PBCVJwHW5q6','mmyerso0@diigo.com','Michael','Myers'),(866,'ifernandezo1','Z74Xy99L','ialvarezo1@mashable.com','Irene','--UNKNOWN--'),(867,'tbaileyo2','Lic2sq05WNy0','tbaileyo2@cnet.com','Todd','Bailey'),(868,'bbakero3','OWBNEnrC','bbakero3@umn.edu','Beverly','Baker'),(869,'hreido4','bKt5WaP','hreido4@artisteer.com','Harry','Reid'),(870,'hstewarto5','Avqc25D','hstewarto5@webnode.com','Henry','Stewart'),(871,'smitchello6','j2T2G5a2iPg','smitchello6@google.cn','Shawn','Mitchell'),(872,'cwoodso7','3yjyJysJS','cwalkero7@marriott.com','Craig','--UNKNOWN--'),(873,'rjohnsono8','a9uQu5Ta','rjohnsono8@dot.gov','Roger','Johnson'),(874,'kdeano9','enP9n5fm','kdeano9@devhub.com','Karen','Dean'),(875,'bwebboa','v9K1HgPKWWPQ','bwebboa@miibeian.gov.cn','Barbara','Webb'),(876,'dsandersob','jPEb55FM','dsandersob@addtoany.com','Douglas','Sanders'),(877,'lwatsonoc','nANvhcH','lmooreoc@ehow.com','Lisa','--UNKNOWN--'),(878,'afloresod','wXbxdNdV','aruizod@biblegateway.com','Amanda','--UNKNOWN--'),(879,'jromerooe','rXoS9eUxNG','jromerooe@accuweather.com','John','Romero'),(880,'whansonof','4XrPKDR8','whansonof@foxnews.com','William','Hanson'),(881,'swoodsog','bny6uapnlNMn','swoodsog@tmall.com','Stephanie','Woods'),(882,'jgarciaoh','y2PGj27FQi','jgarciaoh@github.com','Judith','Garcia'),(883,'tperryoi','SJO9GHuIz','tperryoi@cdc.gov','Todd','Perry'),(884,'sjohnsonoj','8bPjY94C63','sjohnsonoj@abc.net.au','Sarah','Johnson'),(885,'jbowmanok','5gbNlvJrIM6','jbowmanok@hugedomains.com','James','Bowman'),(886,'jreynoldsol','kEJ30OKp','','John','Reynolds'),(887,'jramirezom','sBWLUqw','','Julia','Ramirez'),(888,'ncollinson','rcFK1REi','nhowardon@google.es','Norma','--UNKNOWN--'),(889,'vmorenooo','imksA9','vmorenooo@elegantthemes.com','Victor','Moreno'),(890,'hgarzaop','AJLwQ8','','Harold','--UNKNOWN--'),(891,'jalvarezoq','AruByt','jalvarezoq@nationalgeographic.com','Jose','Alvarez'),(892,'jrobertsor','oDHCvkRhS736','jdanielsor@state.tx.us','Jesse','--UNKNOWN--'),(893,'jbrooksos','6Gccfg5','jbrooksos@github.com','Joshua','Brooks'),(894,'dgrantot','oEL3Nj3Mo','dgrantot@cmu.edu','David','Grant'),(895,'fcollinsou','YmIjBKJ8','','Fred','Collins'),(896,'jtaylorov','UtC0rX3donPz','jchapmanov@smugmug.com','Joseph','--UNKNOWN--'),(897,'ljacksonow','cr9JC6LG503U','lkennedyow@php.net','Lois','--UNKNOWN--'),(898,'ahendersonox','4X5eQSZJ2Zs','ahendersonox@phoca.cz','Andrea','Henderson'),(899,'cburtonoy','su8aiJxux2j','cburtonoy@hhs.gov','Christina','Burton'),(900,'jdanielsoz','lZMlooLI8n','jdanielsoz@prweb.com','Joseph','Daniels'),(901,'aknightp0','5fZrsdEymHv','aknightp0@unc.edu','Alan','Knight'),(902,'agordonp1','6HSpMt6DyvDE','agordonp1@joomla.org','Albert','Gordon'),(903,'ffosterp2','a09lfeFAQtOX','ffosterp2@imageshack.us','Frances','Foster'),(904,'hpattersonp3','wQn7Tk','hpattersonp3@google.co.jp','Heather','Patterson'),(905,'rramosp4','Fc2AV2mwQcfm','rramosp4@admin.ch','Robin','Ramos'),(906,'awoodsp5','z0IHt9yvosSD','awoodsp5@cafepress.com','Amanda','Woods'),(907,'charveyp6','tMa8S88iFA','charveyp6@state.tx.us','Catherine','Harvey'),(908,'jortizp7','xd9fXWu','jortizp7@studiopress.com','James','Ortiz'),(909,'ledwardsp8','dEgHfF','ledwardsp8@yahoo.com','Lori','Edwards'),(910,'rtaylorp9','r4bHrw','rtaylorp9@vistaprint.com','Robin','Taylor'),(911,'jmyerspa','M1XwHhooH','','Janice','Myers'),(912,'emedinapb','ALv0bZ','eduncanpb@arstechnica.com','Evelyn','--UNKNOWN--'),(913,'mbryantpc','qGjE1JxeM','mbryantpc@psu.edu','Michelle','Bryant'),(914,'chillpd','E4vFjie','chillpd@bigcartel.com','Christina','Hill'),(915,'lbutlerpe','4HassZ','lbutlerpe@psu.edu','Larry','Butler'),(916,'kbrookspf','PDaCnPAp','kbrookspf@sbwire.com','Keith','Brooks'),(917,'lfosterpg','AJXZIv5LlXlC','lreidpg@wsj.com','Lillian','--UNKNOWN--'),(918,'epayneph','N7NlOzX08','epayneph@digg.com','Eugene','Payne'),(919,'kmurraypi','BqMOP6','kmurraypi@meetup.com','Kathryn','Murray'),(920,'cknightpj','AJdeJyMNCqM','cknightpj@un.org','Carolyn','Knight'),(921,'jgarciapk','DzKC24','jgarciapk@tuttocitta.it','Jeremy','Garcia'),(922,'hrobertspl','osjEJJEeJlxi','hrobertspl@upenn.edu','Howard','Roberts'),(923,'barmstrongpm','yJMYJM2Ik2Q','bwilliamspm@wp.com','Brandon','--UNKNOWN--'),(924,'mgreenpn','OiBq04xIpXS','mgreenpn@furl.net','Marilyn','Green'),(925,'areidpo','s94xtn','areidpo@imageshack.us','Adam','Reid'),(926,'ndanielspp','n0Seldzm','ndanielspp@purevolume.com','Norma','Daniels'),(927,'dsanchezpq','uWd6Rhdj','dsanchezpq@addtoany.com','Dorothy','Sanchez'),(928,'ccolepr','QM3U02xqn','ccolepr@salon.com','Cynthia','Cole'),(929,'mjacksonps','ZooobUgk','mjacksonps@state.tx.us','Margaret','Jackson'),(930,'mfoxpt','5q3TOif0Lt','mfoxpt@state.tx.us','Mark','Fox'),(931,'vmitchellpu','7TGMfr','vmitchellpu@photobucket.com','Virginia','Mitchell'),(932,'fbrookspv','r7EQBlT','','Frank','Brooks'),(933,'whernandezpw','Yl5HM4gS','wfullerpw@oaic.gov.au','Wanda','--UNKNOWN--'),(934,'jpricepx','0scLO5p','jpricepx@apple.com','Juan','Price'),(935,'pwrightpy','ruph4L8R','pwrightpy@bravesites.com','Patrick','Wright'),(936,'rbrownpz','vMXRUHlXdlo','rbrownpz@usda.gov','Ralph','Brown'),(937,'whuntq0','qJQ4mb8s','whuntq0@oaic.gov.au','Willie','Hunt'),(938,'jwhiteq1','zG9JwIwgnkt','jpowellq1@google.fr','Jane','--UNKNOWN--'),(939,'ralvarezq2','HY2xOf','ralvarezq2@jimdo.com','Robert','Alvarez'),(940,'jleeq3','2iboDX','jwatsonq3@i2i.jp','Judy','--UNKNOWN--'),(941,'dharveyq4','bS6XYma0juP','dharveyq4@dedecms.com','Denise','Harvey'),(942,'rcooperq5','DnxDmcwVKQH','rcooperq5@apache.org','Robin','Cooper'),(943,'kfreemanq6','NjKghQJ9','kfreemanq6@salon.com','Kathleen','Freeman'),(944,'kgarzaq7','6nmGTDU','kgarzaq7@paginegialle.it','Kenneth','Garza'),(945,'jalvarezq8','o7xvEjDf','jalvarezq8@dailymail.co.uk','Jane','Alvarez'),(946,'rfordq9','VDT3K4Kc','rfordq9@ucsd.edu','Ruby','Ford'),(947,'mleeqa','5fbTWZdUF','mhansonqa@netlog.com','Mary','--UNKNOWN--'),(948,'cgarrettqb','yN5Blx1jxZmw','cgarrettqb@yahoo.co.jp','Carl','Garrett'),(949,'jfosterqc','i576JZWO','jfosterqc@wisc.edu','Joshua','Foster'),(950,'ajordanqd','tXfUlrx9','ajordanqd@joomla.org','Alice','Jordan'),(951,'lchavezqe','MawvNgZlim','lchavezqe@blogs.com','Lillian','Chavez'),(952,'gcunninghamqf','OlKEUeWyp7uS','gbutlerqf@123-reg.co.uk','George','--UNKNOWN--'),(953,'glynchqg','3HTRDisCe','glynchqg@freewebs.com','Gregory','Lynch'),(954,'jhicksqh','Y3r60Gm','jhicksqh@1und1.de','Jessica','Hicks'),(955,'mgordonqi','fh0NvMJvq','mgordonqi@tinypic.com','Mark','Gordon'),(956,'astanleyqj','N9Lzc4Tg','astanleyqj@reddit.com','Anna','Stanley'),(957,'mfergusonqk','waDcbZ','mfergusonqk@paypal.com','Marilyn','Ferguson'),(958,'pgonzalesql','SssCwRWX5G','','Paul','Gonzales'),(959,'tbarnesqm','YzW1pxSiH2wl','tbarnesqm@toplist.cz','Tammy','Barnes'),(960,'gmillsqn','QrnICM75JE','gmillsqn@prlog.org','Gloria','Mills'),(961,'mburnsqo','xuhoxuMvVH','mburnsqo@adobe.com','Mary','Burns'),(962,'jleeqp','dcRb8U1','jleeqp@comcast.net','Justin','Lee'),(963,'rburnsqq','uoi6wxJ','rholmesqq@craigslist.org','Rebecca','--UNKNOWN--'),(964,'dtuckerqr','HeVRcFn1d','dtuckerqr@miitbeian.gov.cn','Daniel','Tucker'),(965,'cgonzalezqs','iRQGlhMIXX','cgonzalezqs@businesswire.com','Cynthia','Gonzalez'),(966,'rfergusonqt','ToWiEYs','rfergusonqt@discuz.net','Ronald','Ferguson'),(967,'aperkinsqu','qF5Cf7','aperkinsqu@hubpages.com','Amanda','Perkins'),(968,'nhudsonqv','JdQGG5ZpjUC','nhudsonqv@themeforest.net','Nicole','Hudson'),(969,'nkelleyqw','6i7tGRTKBEbK','','Nicholas','Kelley'),(970,'hmasonqx','0dwcHAeN','hmasonqx@ftc.gov','Helen','Mason'),(971,'eromeroqy','PV3EF5gI5R5','eromeroqy@opera.com','Ernest','Romero'),(972,'vbradleyqz','YwVFrHQN','vbradleyqz@upenn.edu','Virginia','Bradley'),(973,'jdunnr0','FzHjBp','jkellyr0@typepad.com','Jeremy','--UNKNOWN--'),(974,'mdayr1','NkqCy54qn','mleer1@nba.com','Marie','--UNKNOWN--'),(975,'kmccoyr2','CqmFSL00i3jF','kmccoyr2@hexun.com','Katherine','Mccoy'),(976,'mspencerr3','NJL40l3','mspencerr3@disqus.com','Maria','Spencer'),(977,'lwilliamsr4','gEt93UEnIB6','lwilliamsr4@naver.com','Lori','Williams'),(978,'arileyr5','yXYKIz','arileyr5@bandcamp.com','Andrea','Riley'),(979,'jbradleyr6','M6bFEdO','jbradleyr6@theglobeandmail.com','Jack','Bradley'),(980,'aknightr7','28yMVEMjEYIo','aknightr7@1688.com','Ann','Knight'),(981,'drileyr8','TlkHdb1IZIEm','drileyr8@cbc.ca','Donna','Riley'),(982,'cgordonr9','8A6dRkIhVT','cclarkr9@pcworld.com','Christine','--UNKNOWN--'),(983,'tdiazra','9xEJ1hZvTuNi','tarnoldra@ebay.com','Terry','--UNKNOWN--'),(984,'svasquezrb','FICOIA5Kx4U','svasquezrb@aboutads.info','Susan','Vasquez'),(985,'plawrencerc','OugnO5u','plawrencerc@addthis.com','Phyllis','Lawrence'),(986,'dowensrd','9DVzO1sPnIM','dowensrd@house.gov','Douglas','Owens'),(987,'pburkere','EmuTtM','pburkere@epa.gov','Phillip','Burke'),(988,'alawsonrf','wu8JCf05XY','alawsonrf@cbc.ca','Amanda','Lawson'),(989,'kcarpenterrg','JdUKwLY','kwestrg@utexas.edu','Kenneth','--UNKNOWN--'),(990,'bmitchellrh','LsP0V4Jqcvc','bmitchellrh@ow.ly','Benjamin','Mitchell'),(991,'apattersonri','HgdyiL','ajenkinsri@istockphoto.com','Antonio','--UNKNOWN--'),(992,'bbennettrj','T0wv4FKikRn','','Brenda','Bennett'),(993,'jgilbertrk','fHnu6eokjb','jgilbertrk@cbsnews.com','Justin','Gilbert'),(994,'wwardrl','oANqAiSye7p','','Wanda','Ward'),(995,'spiercerm','C5bFK0','spiercerm@constantcontact.com','Steve','Pierce'),(996,'jbishoprn','9ItODVNAH','jbishoprn@wufoo.com','Joyce','Bishop'),(997,'gmendozaro','Qa02TAijv','gmendozaro@paypal.com','Gregory','Mendoza'),(998,'jcooperrp','uWYjONR','jcooperrp@ucsd.edu','Jane','Cooper'),(999,'tcunninghamrq','hnRj2qhPV64a','tcunninghamrq@list-manage.com','Teresa','Cunningham'),(1000,'dcunninghamrr','2oWtBRAU','dcunninghamrr@joomla.org','Denise','Cunningham'),(1001,'ishan','boom','itikku@uwo.ca','Ishan','Tikku'),(1002,'mhall','whoa','mhall@gmail.com','Mark','Hall'),(1003,'tk','dummy','tk@hotmail.com','Tamara','Kruljevic'),(1004,'hsimp','doh!','hsmip@nuclear.com','Homer','Simpson'),(1005,'msimp','homerrrr','msimp@mom.com','Marge','Simpson'),(1006,'Bar','fasdfasdf','bar@gar.com','Bar','Simpson'),(1007,'msimp2','asdfasdf','simp@simp.ca','Maggie','Simpson'),(1008,'','','','',''),(1009,'btom','btom','btom@gmail.com','Bill','Tom'),(1010,'itikkuman','itikkuman','itikkuman@uwo.ca','itikku','man'),(1011,'tv','tv','tv@youtube.com','T','V');
/*!40000 ALTER TABLE `shopper` ENABLE KEYS */;
UNLOCK TABLES;

--
-- Table structure for table `shoppingcart`
--

DROP TABLE IF EXISTS `shoppingcart`;
/*!40101 SET @saved_cs_client     = @@character_set_client */;
/*!40101 SET character_set_client = utf8 */;
CREATE TABLE `shoppingcart` (
  `owner` int(11) NOT NULL,
  `lastUpdated` date NOT NULL,
  PRIMARY KEY (`owner`),
  CONSTRAINT `shoppingcart_ibfk_1` FOREIGN KEY (`owner`) REFERENCES `shopper` (`userID`)
) ENGINE=InnoDB DEFAULT CHARSET=latin1;
/*!40101 SET character_set_client = @saved_cs_client */;

--
-- Dumping data for table `shoppingcart`
--

LOCK TABLES `shoppingcart` WRITE;
/*!40000 ALTER TABLE `shoppingcart` DISABLE KEYS */;
INSERT INTO `shoppingcart` VALUES (12,'2014-11-11');
/*!40000 ALTER TABLE `shoppingcart` ENABLE KEYS */;
UNLOCK TABLES;

--
-- Table structure for table `shoppingcartitem`
--

DROP TABLE IF EXISTS `shoppingcartitem`;
/*!40101 SET @saved_cs_client     = @@character_set_client */;
/*!40101 SET character_set_client = utf8 */;
CREATE TABLE `shoppingcartitem` (
  `owner` int(11) NOT NULL,
  `SKU` int(11) NOT NULL,
  `quantity` int(11) NOT NULL,
  PRIMARY KEY (`owner`,`SKU`),
  KEY `SKU` (`SKU`),
  CONSTRAINT `shoppingcartitem_ibfk_1` FOREIGN KEY (`owner`) REFERENCES `shoppingcart` (`owner`),
  CONSTRAINT `shoppingcartitem_ibfk_2` FOREIGN KEY (`SKU`) REFERENCES `item` (`SKU`)
) ENGINE=InnoDB DEFAULT CHARSET=latin1;
/*!40101 SET character_set_client = @saved_cs_client */;

--
-- Dumping data for table `shoppingcartitem`
--

LOCK TABLES `shoppingcartitem` WRITE;
/*!40000 ALTER TABLE `shoppingcartitem` DISABLE KEYS */;
/*!40000 ALTER TABLE `shoppingcartitem` ENABLE KEYS */;
UNLOCK TABLES;

--
-- Temporary table structure for view `totalproductlineviews`
--

DROP TABLE IF EXISTS `totalproductlineviews`;
/*!50001 DROP VIEW IF EXISTS `totalproductlineviews`*/;
SET @saved_cs_client     = @@character_set_client;
SET character_set_client = utf8;
/*!50001 CREATE TABLE `totalproductlineviews` (
  `Product` tinyint NOT NULL,
  `ViewCount` tinyint NOT NULL
) ENGINE=MyISAM */;
SET character_set_client = @saved_cs_client;

--
-- Table structure for table `transaction`
--

DROP TABLE IF EXISTS `transaction`;
/*!40101 SET @saved_cs_client     = @@character_set_client */;
/*!40101 SET character_set_client = utf8 */;
CREATE TABLE `transaction` (
  `transactionID` int(11) NOT NULL,
  `timestamp` date NOT NULL,
  `expiryDate` date NOT NULL,
  `userID` int(11) NOT NULL,
  PRIMARY KEY (`transactionID`),
  KEY `userID` (`userID`),
  CONSTRAINT `transaction_ibfk_1` FOREIGN KEY (`userID`) REFERENCES `shopper` (`userID`)
) ENGINE=InnoDB DEFAULT CHARSET=latin1;
/*!40101 SET character_set_client = @saved_cs_client */;

--
-- Dumping data for table `transaction`
--

LOCK TABLES `transaction` WRITE;
/*!40000 ALTER TABLE `transaction` DISABLE KEYS */;
/*!40000 ALTER TABLE `transaction` ENABLE KEYS */;
UNLOCK TABLES;

--
-- Table structure for table `viewsproduct`
--

DROP TABLE IF EXISTS `viewsproduct`;
/*!40101 SET @saved_cs_client     = @@character_set_client */;
/*!40101 SET character_set_client = utf8 */;
CREATE TABLE `viewsproduct` (
  `userID` int(11) NOT NULL,
  `name` varchar(30) NOT NULL,
  `timesViewed` int(11) NOT NULL,
  `lastViewedDate` date DEFAULT NULL,
  PRIMARY KEY (`userID`,`name`),
  KEY `name` (`name`),
  CONSTRAINT `viewsproduct_ibfk_1` FOREIGN KEY (`userID`) REFERENCES `shopper` (`userID`),
  CONSTRAINT `viewsproduct_ibfk_2` FOREIGN KEY (`name`) REFERENCES `productline` (`name`)
) ENGINE=InnoDB DEFAULT CHARSET=latin1;
/*!40101 SET character_set_client = @saved_cs_client */;

--
-- Dumping data for table `viewsproduct`
--

LOCK TABLES `viewsproduct` WRITE;
/*!40000 ALTER TABLE `viewsproduct` DISABLE KEYS */;
INSERT INTO `viewsproduct` VALUES (23,'51',2,'2014-11-17'),(23,'52',1,'2014-11-16'),(24,'43',5,'2014-11-23'),(25,'52',1,'2014-11-16'),(26,'52',1,'2014-11-16'),(50,'51',3,'2014-11-15'),(100,'33',2,'2014-10-21'),(100,'52',3,'2014-10-30'),(100,'90',12,'2014-09-30'),(322,'34',2,'2014-11-20'),(1001,'30',2,'2014-10-22'),(1001,'43',4,'2014-11-17'),(1001,'52',8,'2014-11-20');
/*!40000 ALTER TABLE `viewsproduct` ENABLE KEYS */;
UNLOCK TABLES;

--
-- Final view structure for view `activeclothesitems`
--

/*!50001 DROP TABLE IF EXISTS `activeclothesitems`*/;
/*!50001 DROP VIEW IF EXISTS `activeclothesitems`*/;
/*!50001 SET @saved_cs_client          = @@character_set_client */;
/*!50001 SET @saved_cs_results         = @@character_set_results */;
/*!50001 SET @saved_col_connection     = @@collation_connection */;
/*!50001 SET character_set_client      = utf8 */;
/*!50001 SET character_set_results     = utf8 */;
/*!50001 SET collation_connection      = utf8_general_ci */;
/*!50001 CREATE ALGORITHM=UNDEFINED */
/*!50013 DEFINER=`root`@`localhost` SQL SECURITY DEFINER */
/*!50001 VIEW `activeclothesitems` AS select `p`.`name` AS `Product`,`p`.`price` AS `Price`,`c`.`size` AS `Size`,`c`.`colour` AS `Colour`,`c`.`SKU` AS `SKU` from ((`productline` `p` join `item` `i` on((`p`.`name` = `i`.`productLineName`))) join `clothingitem` `c` on((`c`.`SKU` = `i`.`SKU`))) where (`p`.`isActiveForSale` = 1) */;
/*!50001 SET character_set_client      = @saved_cs_client */;
/*!50001 SET character_set_results     = @saved_cs_results */;
/*!50001 SET collation_connection      = @saved_col_connection */;

--
-- Final view structure for view `totalproductlineviews`
--

/*!50001 DROP TABLE IF EXISTS `totalproductlineviews`*/;
/*!50001 DROP VIEW IF EXISTS `totalproductlineviews`*/;
/*!50001 SET @saved_cs_client          = @@character_set_client */;
/*!50001 SET @saved_cs_results         = @@character_set_results */;
/*!50001 SET @saved_col_connection     = @@collation_connection */;
/*!50001 SET character_set_client      = utf8 */;
/*!50001 SET character_set_results     = utf8 */;
/*!50001 SET collation_connection      = utf8_general_ci */;
/*!50001 CREATE ALGORITHM=UNDEFINED */
/*!50013 DEFINER=`root`@`localhost` SQL SECURITY DEFINER */
/*!50001 VIEW `totalproductlineviews` AS select `p`.`name` AS `Product`,coalesce(sum(`v`.`timesViewed`),0) AS `ViewCount` from (`productline` `p` left join `viewsproduct` `v` on((`p`.`name` = `v`.`name`))) group by `p`.`name` order by `ViewCount` */;
/*!50001 SET character_set_client      = @saved_cs_client */;
/*!50001 SET character_set_results     = @saved_cs_results */;
/*!50001 SET collation_connection      = @saved_col_connection */;
/*!40103 SET TIME_ZONE=@OLD_TIME_ZONE */;

/*!40101 SET SQL_MODE=@OLD_SQL_MODE */;
/*!40014 SET FOREIGN_KEY_CHECKS=@OLD_FOREIGN_KEY_CHECKS */;
/*!40014 SET UNIQUE_CHECKS=@OLD_UNIQUE_CHECKS */;
/*!40101 SET CHARACTER_SET_CLIENT=@OLD_CHARACTER_SET_CLIENT */;
/*!40101 SET CHARACTER_SET_RESULTS=@OLD_CHARACTER_SET_RESULTS */;
/*!40101 SET COLLATION_CONNECTION=@OLD_COLLATION_CONNECTION */;
/*!40111 SET SQL_NOTES=@OLD_SQL_NOTES */;

-- Dump completed on 2014-11-29 18:25:08
